data;horario;n_da_ocorrencia;tipo_de_ocorrencia;km;trecho;sentido;tipo_de_acidente;automovel;bicicleta;caminhao;moto;onibus;outros;tracao_animal;transporte_de_cargas_especiais;trator_maquinas;utilitarios;ilesos;levemente_feridos;moderadamente_feridos;gravemente_feridos;mortos
"11/07/2025";"14:58:00";"59";"Com vítima";"483,000";"BR-262/MG";"Crescente";"Engavetamento";0;0;0;3;0;0;0;0;0;0;4;0;1;0;0
"11/07/2025";"19:35:00";"84";"Com vítima";"353,400";"BR-262/MG";"Crescente";"Saída de pista";1;0;0;0;0;0;0;0;0;0;0;1;0;0;0
"12/07/2025";"05:53:00";"5";"Sem vítima";"536,000";"BR-262/MG";"Crescente";"Saída de pista";0;0;0;1;0;0;0;0;0;0;4;0;0;0;0
"12/07/2025";"09:05:00";"23";"Sem vítima";"365,000";"BR-262/MG";"Crescente";"Saída de pista";0;0;0;1;0;0;0;0;0;0;1;0;0;0;0
"12/07/2025";"10:55:00";"35";"Com vítima";"395,000";"BR-262/MG";"Crescente";"Capotamento";0;0;0;1;1;0;0;0;0;0;0;2;0;2;0
"12/07/2025";"13:40:00";"46";"Com vítima";"637,000";"BR-262/MG";"Decrescente";"Tombamento";0;0;0;0;0;0;0;0;0;0;0;1;0;0;0
"12/07/2025";"18:03:00";"71";"Sem vítima";"401,800";"BR-262/MG";"Decrescente";"Saída de pista";0;0;0;2;0;0;0;0;0;0;2;0;0;0;0
"12/07/2025";"20:43:00";"78";"Sem vítima";"632,000";"BR-262/MG";"Decrescente";"Saída de pista";0;0;0;1;0;0;0;0;0;0;1;0;0;0;0
"14/07/2025";"18:40:00";"66";"Sem vítima";"359,000";"BR-262/MG";"Crescente";"Colisão traseira";0;0;0;1;0;1;0;0;0;0;2;0;0;0;0
"14/07/2025";"23:44:00";"82";"Com vítima";"580,000";"BR-262/MG";"Decrescente";"Tombamento";0;0;0;0;0;0;0;0;0;0;0;0;1;0;0
"15/07/2025";"07:19:00";"17";"Com vítima";"353,400";"BR-262/MG";"Crescente";"Queda de moto";0;0;0;1;0;0;0;0;0;0;0;1;0;0;0
"15/07/2025";"10:01:00";"39";"Sem vítima";"585,700";"BR-262/MG";"Crescente";"Tombamento";0;0;0;0;0;0;0;0;0;0;1;0;0;0;0
"15/07/2025";"14:44:00";"67";"Sem vítima";"360,000";"BR-262/MG";"Crescente";"Colisão traseira";0;0;1;0;0;0;0;0;0;0;2;0;0;0;0
"15/07/2025";"18:07:00";"88";"Sem vítima";"471,000";"BR-262/MG";"Crescente";"Colisão lateral no mesmo sentido";0;0;0;2;0;0;0;0;0;0;3;0;0;0;0
"16/07/2025";"21:02:00";"99";"Com vítima";"468,000";"BR-262/MG";"Crescente";"Colisão frontal";0;0;0;1;0;0;0;0;0;0;1;1;0;0;0
"17/07/2025";"08:17:00";"21";"Sem vítima";"473,000";"BR-262/MG";"Decrescente";"Colisão traseira";0;0;0;1;0;1;0;0;0;0;3;0;0;0;0
"17/07/2025";"10:52:00";"35";"Com vítima";"411,000";"BR-262/MG";"Crescente";"Acidentes de outra natureza";0;1;0;0;0;0;0;0;0;0;1;1;0;0;0
"17/07/2025";"11:18:00";"38";"Com vítima";"492,000";"BR-262/MG";"Crescente";"Colisão lateral no mesmo sentido";0;0;0;2;0;0;0;0;0;0;1;2;0;0;0
"17/07/2025";"19:05:00";"79";"Com vítima";"387,000";"BR-262/MG";"Crescente";"Colisão traseira";0;0;0;2;0;0;0;0;0;0;2;1;0;0;0
"18/07/2025";"00:00:00";"34";"Sem vítima";"485,000";"BR-262/MG";"Crescente";"Colisão traseira";0;0;0;0;0;0;0;0;0;0;2;0;0;0;0
"18/07/2025";"00:45:00";"1";"Com vítima";"437,000";"BR-262/MG";"Crescente";"Capotamento";0;0;0;1;0;0;0;0;0;0;0;0;0;1;0
"18/07/2025";"01:45:00";"4";"Sem vítima";"427,000";"BR-262/MG";"Crescente";"Choque";0;1;0;0;0;0;0;0;0;0;2;0;0;0;0
"18/07/2025";"05:27:00";"13";"Com vítima";"481,000";"BR-262/MG";"Decrescente";"Colisão frontal";0;1;0;1;0;0;0;0;0;0;2;0;0;0;1
"18/07/2025";"10:02:00";"35";"Sem vítima";"475,950";"BR-262/MG";"Crescente";"Colisão traseira";0;0;0;0;0;0;0;0;0;0;2;0;0;0;0
"18/07/2025";"10:50:00";"38";"Com vítima";"662,000";"BR-262/MG";"Crescente";"Colisão lateral no mesmo sentido";0;0;0;0;0;0;0;0;0;0;0;2;0;0;0
"18/07/2025";"10:55:00";"39";"Sem vítima";"476,100";"BR-262/MG";"Crescente";"Colisão traseira";0;0;0;1;0;0;0;0;0;0;1;0;0;0;0
"18/07/2025";"17:35:00";"72";"Sem vítima";"366,000";"BR-262/MG";"Decrescente";"Colisão lateral no mesmo sentido";0;1;0;1;0;0;0;0;0;0;3;0;0;0;0
"18/07/2025";"21:23:00";"90";"Com vítima";"418,000";"BR-262/MG";"Crescente";"Colisão lateral no mesmo sentido";0;0;0;2;0;0;0;0;0;0;1;0;0;0;1
"18/07/2025";"23:58:00";"98";"Sem vítima";"385,000";"BR-262/MG";"Decrescente";"Saída de pista";0;0;0;1;0;0;0;0;0;0;1;0;0;0;0
"19/07/2025";"05:25:00";"5";"Com vítima";"524,000";"BR-262/MG";"Crescente";"Colisão lateral no mesmo sentido";0;0;0;1;0;0;0;0;0;0;1;0;0;1;0
"19/07/2025";"07:49:00";"13";"Com vítima";"521,000";"BR-262/MG";"Crescente";"Colisão lateral no mesmo sentido";0;1;0;1;0;0;0;0;0;0;1;0;1;0;0
"19/07/2025";"19:22:00";"73";"Com vítima";"434,000";"BR-262/MG";"Crescente";"Queda de moto";0;0;0;0;1;0;0;0;0;0;0;1;0;0;0
"20/07/2025";"11:45:00";"32";"Sem vítima";"390,000";"BR-262/MG";"Decrescente";"Colisão lateral no mesmo sentido";0;0;0;1;0;0;0;0;0;0;1;0;0;0;0
"21/07/2025";"07:16:00";"15";"Com vítima";"537,000";"BR-262/MG";"Crescente";"Colisão frontal";0;0;0;1;0;0;0;0;0;0;1;0;0;0;1
"21/07/2025";"15:36:00";"57";"Sem vítima";"498,000";"BR-262/MG";"Crescente";"Colisão lateral no mesmo sentido";0;0;0;2;0;0;0;0;0;0;2;0;0;0;0
"21/07/2025";"18:35:00";"76";"Sem vítima";"371,500";"BR-262/MG";"Crescente";"Choque";0;0;0;1;0;1;0;0;0;0;1;0;0;0;0
"21/07/2025";"19:40:00";"81";"Sem vítima";"485,000";"BR-262/MG";"Crescente";"Colisão lateral no mesmo sentido";0;0;0;1;0;1;0;0;0;0;1;0;0;0;0
"22/07/2025";"07:30:00";"21";"Sem vítima";"414,000";"BR-262/MG";"Decrescente";"Saída de pista";0;0;0;1;0;0;0;0;0;0;1;0;0;0;0
"22/07/2025";"12:27:00";"63";"Sem vítima";"674,000";"BR-262/MG";"Decrescente";"Tombamento";0;0;0;0;0;0;1;0;0;0;1;0;0;0;0
"22/07/2025";"14:43:00";"78";"Sem vítima";"446,000";"BR-262/MG";"Crescente";"Saída de pista";0;1;0;0;0;0;0;0;0;0;1;0;0;0;0
"22/07/2025";"19:22:00";"105";"Sem vítima";"509,000";"BR-262/MG";"Crescente";"Tombamento";0;0;0;0;0;0;0;0;0;0;4;0;0;0;0
"22/07/2025";"19:48:00";"106";"Sem vítima";"504,000";"BR-262/MG";"Decrescente";"Colisão traseira";0;0;0;2;0;0;0;0;0;0;2;0;0;0;0
"23/07/2025";"00:10:00";"2";"Com vítima";"360,000";"BR-262/MG";"Decrescente";"Colisão traseira";0;0;0;1;1;0;0;0;0;0;2;1;0;0;0
"23/07/2025";"07:49:00";"23";"Com vítima";"488,000";"BR-262/MG";"Crescente";"Tombamento";0;0;0;0;0;0;0;0;0;0;0;0;1;0;0
"23/07/2025";"15:53:00";"76";"Sem vítima";"559,000";"BR-262/MG";"Crescente";"Choque";0;0;0;0;0;0;0;0;0;0;1;0;0;0;0
"23/07/2025";"16:22:00";"81";"Sem vítima";"375,000";"BR-262/MG";"Crescente";"Saída de pista";0;0;0;1;0;0;0;0;0;0;1;0;0;0;0
"24/07/2025";"00:21:00";"1";"Com vítima";"754,000";"BR-262/MG";"Crescente";"Saída de pista";0;0;0;1;0;0;0;0;0;0;2;0;1;0;0
"24/07/2025";"09:07:00";"34";"Com vítima";"382,000";"BR-262/MG";"Decrescente";"Tombamento";0;0;0;0;0;0;0;0;0;0;0;0;1;0;0
"24/07/2025";"20:17:00";"78";"Com vítima";"426,000";"BR-262/MG";"Crescente";"Queda de moto";0;0;0;0;1;1;0;0;0;0;0;1;0;0;0
"25/07/2025";"08:04:00";"24";"Sem vítima";"364,000";"BR-262/MG";"Crescente";"Queda de moto";0;0;0;0;1;0;0;0;0;0;1;0;0;0;0
"25/07/2025";"08:39:00";"32";"Sem vítima";"375,000";"BR-262/MG";"Decrescente";"Capotamento";0;0;0;1;0;0;0;0;0;0;1;0;0;0;0
"25/07/2025";"16:58:00";"81";"Sem vítima";"629,000";"BR-262/MG";"Crescente";"Colisão traseira";0;0;0;0;0;0;0;0;0;0;2;0;0;0;0
"25/07/2025";"18:32:00";"89";"Sem vítima";"366,300";"BR-262/MG";"Crescente";"Colisão traseira";0;1;0;1;0;0;0;0;0;0;2;0;0;0;0
"25/07/2025";"19:05:00";"92";"Sem vítima";"490,000";"BR-262/MG";"Decrescente";"Choque";0;0;0;0;0;0;0;0;0;0;0;0;0;0;0
"25/07/2025";"21:24:00";"104";"Sem vítima";"587,000";"BR-262/MG";"Crescente";"Colisão transversal";0;1;0;0;0;0;0;0;0;0;2;0;0;0;0
"25/07/2025";"22:15:00";"106";"Sem vítima";"372,000";"BR-262/MG";"Crescente";"Saída de pista";0;0;0;1;0;0;0;0;0;0;1;0;0;0;0
"26/07/2025";"00:00:00";"22";"Com vítima";"736,000";"BR-262/MG";"Decrescente";"Colisão traseira";0;0;0;2;0;0;0;0;0;0;2;0;1;0;0
"26/07/2025";"06:30:00";"14";"Com vítima";"646,000";"BR-262/MG";"Decrescente";"Colisão frontal";0;1;0;1;0;0;0;0;0;0;1;0;0;1;0
"26/07/2025";"06:48:00";"18";"Sem vítima";"646,000";"BR-262/MG";"Crescente";"Colisão traseira";0;0;0;2;0;0;0;0;0;0;2;0;0;0;0
"26/07/2025";"06:51:00";"19";"Com vítima";"358,000";"BR-262/MG";"Decrescente";"Colisão traseira";0;1;0;1;0;0;0;0;0;0;1;0;1;0;0
"26/07/2025";"21:52:00";"75";"Sem vítima";"793,000";"BR-262/MG";"Crescente";"Colisão lateral no mesmo sentido";0;0;1;1;0;0;0;0;0;0;4;0;0;0;0
"27/07/2025";"02:00:00";"7";"Sem vítima";"647,000";"BR-262/MG";"Crescente";"Saída de pista";0;0;0;1;0;0;0;0;0;0;1;0;0;0;0
"27/07/2025";"13:56:00";"63";"Com vítima";"801,000";"BR-262/MG";"Decrescente";"Colisão traseira";0;0;0;2;0;0;0;0;0;0;5;3;0;0;0
"27/07/2025";"16:46:00";"83";"Com vítima";"763,000";"BR-262/MG";"Decrescente";"Colisão frontal";0;0;0;3;0;0;0;0;0;0;1;3;6;0;0
"27/07/2025";"17:43:00";"94";"Com vítima";"446,000";"BR-262/MG";"Decrescente";"Queda de moto";0;0;0;0;1;0;0;0;0;0;0;1;0;0;0
"27/07/2025";"21:21:00";"112";"Com vítima";"674,000";"BR-262/MG";"Crescente";"Atropelamento de animal";0;0;0;1;0;0;0;0;0;0;1;2;0;0;0
"28/07/2025";"00:00:00";"71";"Sem vítima";"478,000";"BR-262/MG";"Crescente";"Saída de pista";0;0;0;1;0;0;0;0;0;0;2;0;0;0;0
"28/07/2025";"00:43:00";"77";"Sem vítima";"754,000";"BR-262/MG";"Decrescente";"Colisão lateral no mesmo sentido";0;0;0;2;0;0;0;0;0;0;5;0;0;0;0
"28/07/2025";"06:54:00";"9";"Com vítima";"434,000";"BR-262/MG";"Decrescente";"Queda de moto";0;0;0;0;1;0;0;0;0;0;0;1;0;0;0
"28/07/2025";"11:49:00";"43";"Sem vítima";"746,000";"BR-262/MG";"Crescente";"Colisão traseira";0;0;0;1;0;0;0;0;0;0;1;0;0;0;0
"28/07/2025";"12:42:00";"48";"Com vítima";"752,000";"BR-262/MG";"Crescente";"Colisão traseira";0;0;0;1;0;0;0;0;0;0;1;0;1;0;0
"28/07/2025";"16:06:00";"68";"Sem vítima";"538,500";"BR-262/MG";"Crescente";"Saída de pista";0;0;0;1;0;0;0;0;0;0;1;0;0;0;0
"28/07/2025";"21:26:00";"91";"Sem vítima";"532,000";"BR-262/MG";"Crescente";"Saída de pista";0;0;0;0;1;0;0;0;0;0;1;0;0;0;0
"29/07/2025";"00:00:00";"72";"Sem vítima";"434,000";"BR-262/MG";"Decrescente";"Saída de pista";0;0;0;0;1;1;0;0;0;0;2;0;0;0;0
"29/07/2025";"00:00:00";"102";"Com vítima";"389,000";"BR-262/MG";"Decrescente";"Colisão lateral no mesmo sentido";0;1;0;0;0;0;0;0;0;0;1;1;0;0;0
"29/07/2025";"12:07:00";"51";"Com vítima";"353,400";"BR-262/MG";"Crescente";"Colisão traseira";0;0;1;1;0;0;0;0;0;0;1;1;0;0;0
"29/07/2025";"18:35:00";"91";"Sem vítima";"366,000";"BR-262/MG";"Crescente";"Choque";0;0;0;0;0;1;0;0;0;1;2;0;0;0;0
"29/07/2025";"19:32:00";"98";"Sem vítima";"439,000";"BR-262/MG";"Decrescente";"Saída de pista";0;1;0;0;0;0;0;0;0;0;1;0;0;0;0
"29/07/2025";"19:55:00";"100";"Sem vítima";"437,000";"BR-262/MG";"Crescente";"Colisão traseira";0;0;0;2;0;0;0;0;0;0;2;0;0;0;0
"29/07/2025";"22:05:00";"109";"Sem vítima";"413,000";"BR-262/MG";"Crescente";"Acidentes de outra natureza";0;0;0;1;0;0;0;0;0;0;1;0;0;0;0
"30/07/2025";"00:05:00";"1";"Com vítima";"360,000";"BR-262/MG";"Crescente";"Queda de moto";0;0;0;0;1;0;0;0;0;0;0;1;0;0;0
"30/07/2025";"10:19:00";"34";"Sem vítima";"680,600";"BR-262/MG";"Decrescente";"Colisão traseira";0;0;0;1;0;1;0;0;0;0;1;0;0;0;0
"30/07/2025";"13:08:00";"50";"Sem vítima";"454,800";"BR-262/MG";"Decrescente";"Colisão traseira";0;0;0;0;0;0;0;0;0;0;2;0;0;0;0
"30/07/2025";"19:30:00";"83";"Sem vítima";"361,000";"BR-262/MG";"Decrescente";"Colisão traseira";0;1;0;1;0;0;0;0;0;0;2;0;0;0;0
"30/07/2025";"19:45:00";"84";"Com vítima";"360,000";"BR-262/MG";"Decrescente";"Colisão traseira";0;0;0;1;1;0;0;0;0;0;1;0;1;0;0
"31/07/2025";"06:16:00";"14";"Com vítima";"654,000";"BR-262/MG";"Decrescente";"Tombamento";0;0;0;0;0;0;0;0;0;0;0;1;0;0;0
"31/07/2025";"08:47:00";"34";"Sem vítima";"676,000";"BR-262/MG";"Decrescente";"Colisão traseira";0;1;0;2;0;0;0;0;0;0;3;0;0;0;0
"31/07/2025";"13:26:00";"74";"Sem vítima";"802,000";"BR-262/MG";"Decrescente";"Colisão traseira";0;1;0;2;0;0;0;0;0;0;3;0;0;0;0
"31/07/2025";"18:23:00";"109";"Com vítima";"512,000";"BR-262/MG";"Crescente";"Colisão frontal";0;1;0;0;1;1;0;0;0;0;1;4;1;1;0
"31/07/2025";"19:41:00";"112";"Com vítima";"402,000";"BR-262/MG";"Crescente";"Colisão traseira";0;1;0;1;0;0;0;0;0;0;1;0;1;0;0
"01/08/2025";"07:35:00";"22";"Sem vítima";"739,000";"BR-262/MG";"Crescente";"Colisão traseira";0;1;0;0;0;0;0;0;0;0;2;0;0;0;0
"01/08/2025";"13:41:00";"77";"Sem vítima";"438,000";"BR-262/MG";"Decrescente";"Colisão traseira";0;0;0;2;0;0;0;0;0;0;2;0;0;0;0
"01/08/2025";"15:09:00";"84";"Com vítima";"517,000";"BR-262/MG";"Decrescente";"Colisão lateral no mesmo sentido";0;0;0;2;0;0;0;0;0;0;5;2;0;0;0
"01/08/2025";"18:27:00";"100";"Com vítima";"588,000";"BR-262/MG";"Decrescente";"Colisão frontal";0;0;0;2;0;0;0;0;0;0;1;2;0;1;0
"02/08/2025";"00:32:00";"7";"Sem vítima";"381,000";"BR-262/MG";"Crescente";"Capotamento";0;0;0;1;0;0;0;0;0;0;1;0;0;0;0
"02/08/2025";"07:07:00";"16";"Sem vítima";"366,000";"BR-262/MG";"Crescente";"Saída de pista";0;0;0;1;0;0;0;0;0;0;1;0;0;0;0
"03/08/2025";"12:11:00";"45";"Com vítima";"612,000";"BR-262/MG";"Crescente";"Tombamento";0;0;0;0;0;0;0;0;0;0;0;0;1;0;0
"03/08/2025";"18:48:00";"76";"Com vítima";"423,000";"BR-262/MG";"Crescente";"Colisão traseira";0;0;0;2;0;0;0;0;0;0;0;2;1;0;0
"03/08/2025";"22:40:00";"90";"Com vítima";"593,100";"BR-262/MG";"Crescente";"Tombamento";0;1;0;0;0;0;0;0;0;0;0;1;0;0;0
"04/08/2025";"00:00:00";"95";"Com vítima";"355,000";"BR-262/MG";"Crescente";"Saída de pista";0;0;0;0;0;0;0;0;0;0;0;1;0;0;0
"04/08/2025";"14:46:00";"73";"Sem vítima";"384,000";"BR-262/MG";"Decrescente";"Colisão lateral no mesmo sentido";0;0;0;1;0;0;0;0;0;0;1;0;0;0;0
"04/08/2025";"18:25:00";"90";"Com vítima";"783,000";"BR-262/MG";"Decrescente";"Colisão lateral no mesmo sentido";0;0;0;1;0;1;0;0;0;0;1;1;0;0;0
"05/08/2025";"20:52:00";"100";"Sem vítima";"543,000";"BR-262/MG";"Crescente";"Choque";0;0;0;1;0;0;0;0;0;0;1;0;0;0;0
"06/08/2025";"00:15:00";"1";"Sem vítima";"374,000";"BR-262/MG";"Decrescente";"Choque";0;1;0;0;0;1;0;0;0;0;1;0;0;0;0
"06/08/2025";"12:02:00";"46";"Com vítima";"353,400";"BR-262/MG";"Crescente";"Queda de moto";0;0;0;1;0;0;0;0;0;0;0;2;0;0;0
"06/08/2025";"14:39:00";"58";"Com vítima";"694,000";"BR-262/MG";"Crescente";"Colisão transversal";0;0;0;1;1;0;0;0;0;0;0;3;0;0;0
"06/08/2025";"21:52:00";"99";"Com vítima";"448,000";"BR-262/MG";"Decrescente";"Queda de moto";0;0;0;0;1;0;0;0;0;0;0;0;1;0;0
"07/08/2025";"08:55:00";"39";"Com vítima";"469,000";"BR-262/MG";"Crescente";"Colisão lateral no mesmo sentido";0;0;0;1;1;0;0;0;0;0;4;1;0;0;0
"07/08/2025";"14:49:00";"97";"Com vítima";"353,400";"BR-262/MG";"Crescente";"Colisão frontal";2;0;0;0;0;0;0;0;0;0;2;1;0;0;0
"07/08/2025";"17:11:00";"112";"Sem vítima";"393,000";"BR-262/MG";"Decrescente";"Saída de pista";0;0;0;1;0;0;0;0;0;0;1;0;0;0;0
"08/08/2025";"00:00:00";"21";"Com vítima";"364,000";"BR-262/MG";"Decrescente";"Queda de moto";0;0;0;0;1;0;0;0;0;0;0;1;0;0;0
"08/08/2025";"05:46:00";"19";"Com vítima";"355,000";"BR-262/MG";"Decrescente";"Colisão traseira";0;1;0;1;1;0;0;0;0;0;3;0;0;0;1
"08/08/2025";"07:07:00";"26";"Com vítima";"631,000";"BR-262/MG";"Decrescente";"Colisão traseira";0;0;0;1;0;0;0;0;0;0;1;0;2;0;0
"08/08/2025";"07:09:00";"27";"Com vítima";"354,000";"BR-262/MG";"Crescente";"Colisão traseira";0;0;0;1;1;0;0;0;0;0;1;0;1;0;0
"08/08/2025";"07:19:00";"30";"Sem vítima";"383,000";"BR-262/MG";"Decrescente";"Saída de pista";0;0;0;1;0;0;0;0;0;0;1;0;0;0;0
"08/08/2025";"14:17:00";"73";"Com vítima";"386,000";"BR-262/MG";"Crescente";"Colisão lateral no mesmo sentido";0;0;0;2;0;0;0;0;0;0;4;0;1;0;0
"09/08/2025";"03:57:00";"5";"Com vítima";"426,000";"BR-262/MG";"Crescente";"Atropelamento de pedestre";0;1;0;0;0;0;0;0;0;0;0;1;0;0;1
"09/08/2025";"08:56:00";"28";"Sem vítima";"358,000";"BR-262/MG";"Decrescente";"Colisão traseira";0;0;0;2;0;0;0;0;0;0;2;0;0;0;0
"09/08/2025";"11:56:00";"45";"Com vítima";"427,000";"BR-262/MG";"Decrescente";"Queda de moto";0;0;0;0;1;0;0;0;0;0;1;0;1;0;0
"10/08/2025";"04:52:00";"3";"Com vítima";"382,500";"BR-262/MG";"Decrescente";"Saída de pista";0;0;0;1;0;0;0;0;0;0;0;0;0;0;1
"10/08/2025";"11:19:00";"29";"Com vítima";"365,000";"BR-262/MG";"Crescente";"Atropelamento de pedestre";0;0;0;1;0;0;0;0;0;0;1;0;0;1;0
"10/08/2025";"11:39:00";"34";"Sem vítima";"753,000";"BR-262/MG";"Crescente";"Capotamento";0;0;0;1;0;0;0;0;0;0;1;0;0;0;0
"10/08/2025";"16:15:00";"53";"Com vítima";"432,000";"BR-262/MG";"Decrescente";"Queda de moto";0;0;0;0;1;0;0;0;0;0;0;2;0;0;0
"10/08/2025";"18:25:00";"69";"Com vítima";"406,000";"BR-262/MG";"Crescente";"Atropelamento de animal";0;0;0;1;0;0;0;0;0;0;0;0;1;0;0
"10/08/2025";"19:42:00";"74";"Sem vítima";"368,000";"BR-262/MG";"Decrescente";"Engavetamento";0;0;0;5;0;0;0;0;0;0;5;0;0;0;0
"11/08/2025";"05:11:00";"5";"Sem vítima";"423,000";"BR-262/MG";"Crescente";"Choque";0;0;0;1;0;0;0;0;0;0;1;0;0;0;0
"11/08/2025";"06:12:00";"9";"Sem vítima";"417,000";"BR-262/MG";"Crescente";"Saída de pista";0;0;0;1;0;0;0;0;0;0;1;0;0;0;0
"11/08/2025";"06:33:00";"11";"Sem vítima";"432,900";"BR-262/MG";"Crescente";"Saída de pista";0;0;0;1;0;0;0;0;0;0;3;0;0;0;0
"11/08/2025";"08:54:00";"22";"Sem vítima";"399,000";"BR-262/MG";"Decrescente";"Colisão traseira";0;0;0;1;0;1;0;0;0;0;1;0;0;0;0
"11/08/2025";"10:01:00";"31";"Sem vítima";"619,000";"BR-262/MG";"Decrescente";"Colisão traseira";0;1;0;0;0;0;0;0;0;0;2;0;0;0;0
"11/08/2025";"11:47:00";"48";"Sem vítima";"571,000";"BR-262/MG";"Crescente";"Saída de pista";0;0;0;1;0;0;0;0;0;0;1;0;0;0;0
"11/08/2025";"14:39:00";"66";"Com vítima";"458,000";"BR-262/MG";"Decrescente";"Capotamento";0;0;0;1;0;0;0;0;0;0;2;1;0;0;0
"11/08/2025";"18:38:00";"87";"Com vítima";"364,000";"BR-262/MG";"Crescente";"Colisão traseira";0;0;0;1;1;0;0;0;0;0;1;0;1;0;0
"12/08/2025";"03:18:00";"3";"Sem vítima";"438,000";"BR-262/MG";"Crescente";"Choque";0;0;0;1;0;0;0;0;0;0;1;0;0;0;0
"12/08/2025";"09:43:00";"25";"Com vítima";"558,000";"BR-262/MG";"Decrescente";"Colisão frontal";0;1;0;1;0;0;0;0;0;0;1;1;0;0;0
"12/08/2025";"16:33:00";"68";"Sem vítima";"790,000";"BR-262/MG";"Crescente";"Colisão frontal";0;0;0;2;0;0;0;0;0;0;2;0;0;0;0
"12/08/2025";"16:43:00";"70";"Sem vítima";"436,000";"BR-262/MG";"Decrescente";"Colisão traseira";0;0;0;2;0;0;0;0;0;0;2;0;0;0;0
"12/08/2025";"17:15:00";"74";"Sem vítima";"713,000";"BR-262/MG";"Crescente";"Colisão lateral no mesmo sentido";0;0;1;0;0;0;0;0;0;0;2;0;0;0;0
"13/08/2025";"00:00:00";"6";"Sem vítima";"420,000";"BR-262/MG";"Crescente";"Choque";0;0;0;2;0;0;0;0;0;0;6;0;0;0;0
"13/08/2025";"00:19:00";"1";"Sem vítima";"353,400";"BR-262/MG";"Crescente";"Saída de pista";1;0;0;0;0;0;0;0;0;0;1;0;0;0;0
"13/08/2025";"06:07:00";"8";"Com vítima";"361,000";"BR-262/MG";"Crescente";"Colisão traseira";0;1;0;1;0;0;0;0;0;0;1;0;1;0;0
"13/08/2025";"12:35:00";"54";"Sem vítima";"377,000";"BR-262/MG";"Crescente";"Colisão traseira";0;0;0;1;0;0;0;0;0;0;1;0;0;0;0
"13/08/2025";"12:50:00";"57";"Com vítima";"624,000";"BR-262/MG";"Crescente";"Colisão traseira";0;1;0;1;0;0;0;0;0;0;2;2;0;0;0
"13/08/2025";"17:14:00";"92";"Sem vítima";"550,000";"BR-262/MG";"Crescente";"Tombamento";0;0;0;0;0;0;0;0;0;0;1;0;0;0;0
"13/08/2025";"19:47:00";"99";"Com vítima";"453,000";"BR-262/MG";"Crescente";"Colisão lateral no mesmo sentido";0;1;0;0;0;0;0;0;0;1;1;0;0;1;0
"13/08/2025";"20:20:00";"100";"Sem vítima";"447,000";"BR-262/MG";"Decrescente";"Colisão lateral no mesmo sentido";0;0;0;1;1;1;0;0;0;0;2;0;0;0;0
"14/08/2025";"05:19:00";"8";"Sem vítima";"353,400";"BR-262/MG";"Decrescente";"Colisão traseira";0;0;2;0;0;0;0;0;0;0;2;0;0;0;0
"14/08/2025";"07:40:00";"16";"Com vítima";"353,400";"BR-262/MG";"Decrescente";"Colisão traseira";2;0;1;0;0;0;0;0;0;0;5;0;1;0;0
"14/08/2025";"08:21:00";"23";"Sem vítima";"353,400";"BR-262/MG";"Decrescente";"Capotamento";1;0;0;0;0;0;0;0;0;0;1;0;0;0;0
"14/08/2025";"08:58:00";"26";"Sem vítima";"359,000";"BR-262/MG";"Crescente";"Colisão traseira";0;1;0;1;0;0;0;0;0;0;3;0;0;0;0
"14/08/2025";"13:39:00";"49";"Sem vítima";"459,000";"BR-262/MG";"Crescente";"Tombamento";0;1;0;0;0;0;0;0;0;0;1;0;0;0;0
"14/08/2025";"16:25:00";"72";"Sem vítima";"365,000";"BR-262/MG";"Crescente";"Colisão lateral no mesmo sentido";0;0;0;2;0;0;0;0;0;0;2;0;0;0;0
"14/08/2025";"16:53:00";"76";"Com vítima";"426,000";"BR-262/MG";"Crescente";"Saída de pista";0;0;0;1;0;0;0;0;0;0;0;0;1;0;0
"14/08/2025";"17:25:00";"82";"Sem vítima";"410,000";"BR-262/MG";"Crescente";"Colisão traseira";0;0;0;2;0;0;0;0;0;0;2;0;0;0;0