data;horario;n_da_ocorrencia;tipo_de_ocorrencia;km;trecho;sentido;tipo_de_acidente;automovel;bicicleta;caminhao;moto;onibus;outros;tracao_animal;transporte_de_cargas_especiais;trator_maquinas;utilitarios;ilesos;levemente_feridos;moderadamente_feridos;gravemente_feridos;mortos
"14/08/2025";"19:07:00";"89";"Com vítima";"781,000";"BR-262/MG";"Decrescente";"Colisão frontal";0;1;0;1;0;0;0;0;0;0;0;0;1;1;0
"14/08/2025";"21:55:00";"99";"Sem vítima";"627,000";"BR-262/MG";"Crescente";"Colisão traseira";0;0;0;0;0;0;0;0;0;0;2;0;0;0;0
"14/08/2025";"23:50:00";"106";"Sem vítima";"627,000";"BR-262/MG";"Crescente";"Saída de pista";0;1;0;0;0;0;0;0;0;0;1;0;0;0;0
"15/08/2025";"02:11:00";"3";"Com vítima";"546,000";"BR-262/MG";"Crescente";"Tombamento";0;0;0;0;0;0;0;0;0;0;0;1;0;0;0
"15/08/2025";"02:49:00";"4";"Sem vítima";"546,300";"BR-262/MG";"Crescente";"Atropelamento de animal";0;0;0;1;0;0;0;0;0;0;1;0;0;0;0
"15/08/2025";"03:33:00";"5";"Sem vítima";"546,000";"BR-262/MG";"Crescente";"Colisão traseira";0;0;0;1;0;0;0;0;0;0;2;0;0;0;0
"15/08/2025";"14:11:00";"64";"Com vítima";"358,000";"BR-262/MG";"Crescente";"Engavetamento";0;0;0;3;0;0;0;0;0;0;7;1;0;0;0
"15/08/2025";"15:16:00";"69";"Sem vítima";"548,300";"BR-262/MG";"Crescente";"Tombamento";0;1;0;0;0;0;0;0;0;0;1;0;0;0;0
"15/08/2025";"18:23:00";"89";"Sem vítima";"389,000";"BR-262/MG";"Crescente";"Capotamento";0;0;0;1;0;0;0;0;0;0;1;0;0;0;0
"16/08/2025";"12:29:00";"57";"Com vítima";"565,000";"BR-262/MG";"Crescente";"Saída de pista";0;0;0;1;0;0;0;0;0;0;0;0;1;0;0
"16/08/2025";"20:55:00";"93";"Com vítima";"410,000";"BR-262/MG";"Decrescente";"Capotamento";0;0;0;1;0;0;0;0;0;0;0;0;0;1;0
"17/08/2025";"00:32:00";"2";"Sem vítima";"367,000";"BR-262/MG";"Crescente";"Colisão traseira";0;0;0;2;0;0;0;0;0;0;5;0;0;0;0
"17/08/2025";"08:39:00";"25";"Sem vítima";"424,300";"BR-262/MG";"Crescente";"Saída de pista";0;0;0;1;0;0;0;0;0;0;1;0;0;0;0
"17/08/2025";"09:00:00";"26";"Sem vítima";"362,000";"BR-262/MG";"Crescente";"Colisão traseira";0;0;0;2;0;0;0;0;0;0;9;0;0;0;0
"17/08/2025";"15:52:00";"74";"Sem vítima";"478,000";"BR-262/MG";"Crescente";"Colisão traseira";0;0;0;2;0;0;0;0;0;0;2;0;0;0;0
"18/08/2025";"00:00:00";"91";"Sem vítima";"509,800";"BR-262/MG";"Crescente";"Tombamento";0;0;0;0;0;0;0;0;0;0;1;0;0;0;0
"18/08/2025";"01:26:00";"2";"Sem vítima";"436,000";"BR-262/MG";"Crescente";"Queda de moto";0;0;0;0;1;0;0;0;0;0;1;0;0;0;0
"18/08/2025";"05:43:00";"5";"Sem vítima";"516,000";"BR-262/MG";"Crescente";"Colisão lateral no mesmo sentido";0;1;0;1;0;0;0;0;0;0;6;0;0;0;0
"18/08/2025";"19:22:00";"83";"Com vítima";"433,200";"BR-262/MG";"Decrescente";"Colisão traseira";0;0;0;2;0;0;0;0;0;0;0;2;0;0;0
"18/08/2025";"22:16:00";"80";"Com vítima";"433,000";"BR-262/MG";"Decrescente";"Colisão lateral no mesmo sentido";0;0;0;0;0;0;0;0;0;0;0;2;0;0;0
"18/08/2025";"23:32:00";"104";"Sem vítima";"537,000";"BR-262/MG";"Crescente";"Saída de pista";0;0;0;0;0;0;0;0;0;0;1;0;0;0;0
"19/08/2025";"09:06:00";"41";"Com vítima";"407,000";"BR-262/MG";"Crescente";"Colisão lateral no mesmo sentido";0;1;0;0;1;0;0;0;0;0;1;0;0;1;0
"19/08/2025";"11:33:00";"59";"Sem vítima";"476,000";"BR-262/MG";"Crescente";"Colisão traseira";0;0;0;1;0;0;0;0;0;0;2;0;0;0;0
"19/08/2025";"12:51:00";"65";"Sem vítima";"766,000";"BR-262/MG";"Crescente";"Colisão traseira";0;1;0;1;0;1;0;0;0;0;2;0;0;0;0
"19/08/2025";"14:41:00";"71";"Sem vítima";"550,382";"BR-262/MG";"Decrescente";"Colisão traseira";0;1;0;0;0;0;0;0;0;0;1;0;0;0;0
"19/08/2025";"22:29:00";"99";"Com vítima";"440,500";"BR-262/MG";"Crescente";"Saída de pista";0;1;0;1;0;0;0;0;0;0;1;1;0;0;0
"20/08/2025";"06:52:00";"26";"Com vítima";"435,500";"BR-262/MG";"Decrescente";"Colisão traseira";0;0;0;1;2;0;0;0;0;0;3;4;0;0;0
"20/08/2025";"08:17:00";"34";"Com vítima";"597,000";"BR-262/MG";"Crescente";"Colisão lateral no mesmo sentido";0;0;0;1;0;0;0;0;0;0;1;0;1;0;0
"20/08/2025";"10:40:00";"49";"Sem vítima";"384,770";"BR-262/MG";"Crescente";"Colisão lateral no mesmo sentido";0;1;0;1;0;0;0;0;0;0;2;0;0;0;0
"20/08/2025";"21:11:00";"120";"Com vítima";"664,500";"BR-262/MG";"Crescente";"Colisão lateral no mesmo sentido";0;0;0;1;0;0;0;0;0;0;0;0;0;2;0
"20/08/2025";"21:52:00";"124";"Com vítima";"578,000";"BR-262/MG";"Crescente";"Colisão traseira";0;0;0;0;0;0;0;0;0;0;0;2;0;0;0
"21/08/2025";"06:37:00";"12";"Com vítima";"784,000";"BR-262/MG";"Crescente";"Choque";0;1;0;1;0;0;0;0;0;0;3;1;0;0;0
"21/08/2025";"14:30:00";"67";"Com vítima";"499,000";"BR-262/MG";"Crescente";"Colisão traseira";0;1;0;0;0;0;0;0;0;0;1;0;0;2;0
"21/08/2025";"20:16:00";"90";"Sem vítima";"672,000";"BR-262/MG";"Crescente";"Colisão lateral no mesmo sentido";0;0;0;1;0;0;0;0;0;0;2;0;0;0;0
"22/08/2025";"01:40:00";"4";"Sem vítima";"424,000";"BR-262/MG";"Crescente";"Colisão lateral no mesmo sentido";0;0;0;1;0;1;0;0;0;0;1;0;0;0;0
"22/08/2025";"02:05:00";"5";"Com vítima";"355,000";"BR-262/MG";"Decrescente";"Colisão traseira";0;0;0;1;0;0;0;0;0;0;1;0;0;1;0
"22/08/2025";"08:20:00";"31";"Sem vítima";"371,000";"BR-262/MG";"Crescente";"Capotamento";0;0;0;1;0;0;0;0;0;0;1;0;0;0;0
"22/08/2025";"10:18:00";"47";"Sem vítima";"792,000";"BR-262/MG";"Decrescente";"Saída de pista";0;0;0;1;0;0;0;0;0;0;1;0;0;0;0
"22/08/2025";"14:01:00";"70";"Com vítima";"417,000";"BR-262/MG";"Crescente";"Colisão traseira";0;1;0;0;1;0;0;0;0;0;1;0;0;1;0
"22/08/2025";"14:23:00";"71";"Sem vítima";"462,000";"BR-262/MG";"Crescente";"Colisão traseira";0;1;0;1;0;0;0;0;0;0;2;0;0;0;0
"22/08/2025";"20:59:00";"100";"Sem vítima";"384,000";"BR-262/MG";"Crescente";"Colisão traseira";0;0;0;1;1;0;0;0;0;0;2;0;0;0;0
"22/08/2025";"21:26:00";"102";"Sem vítima";"516,300";"BR-262/MG";"Decrescente";"Colisão transversal";0;1;0;0;0;0;0;0;0;0;2;0;0;0;0
"23/08/2025";"00:00:00";"10";"Sem vítima";"362,000";"BR-262/MG";"Crescente";"Colisão traseira";0;0;0;2;0;0;0;0;0;0;2;0;0;0;0
"23/08/2025";"06:08:00";"68";"Sem vítima";"564,000";"BR-262/MG";"Crescente";"Colisão traseira";0;0;0;0;0;1;0;0;0;0;3;0;0;0;0
"23/08/2025";"06:53:00";"17";"Com vítima";"378,000";"BR-262/MG";"Crescente";"Colisão traseira";0;0;0;1;0;0;0;0;0;0;1;1;0;0;0
"23/08/2025";"14:12:00";"60";"Sem vítima";"483,000";"BR-262/MG";"Crescente";"Saída de pista";0;0;0;1;0;0;0;0;0;0;1;0;0;0;0
"23/08/2025";"21:52:00";"92";"Sem vítima";"354,700";"BR-262/MG";"Crescente";"Colisão lateral no mesmo sentido";0;0;0;1;1;1;0;0;0;0;2;0;0;0;0
"23/08/2025";"23:03:00";"96";"Sem vítima";"354,000";"BR-262/MG";"Crescente";"Capotamento";0;0;0;1;0;1;0;0;0;0;1;0;0;0;0
"24/08/2025";"17:10:00";"83";"Com vítima";"531,000";"BR-262/MG";"Crescente";"Capotamento";0;0;0;1;0;0;0;0;0;0;4;1;1;0;0
"24/08/2025";"17:51:00";"86";"Com vítima";"354,000";"BR-262/MG";"Crescente";"Capotamento";0;0;0;1;0;0;0;0;0;0;0;3;2;0;1
"25/08/2025";"03:20:00";"6";"Sem vítima";"353,400";"BR-262/MG";"Decrescente";"Atropelamento de animal";1;0;0;0;0;0;0;0;0;0;1;0;0;0;0
"25/08/2025";"04:45:00";"9";"Com vítima";"353,400";"BR-262/MG";"Decrescente";"Atropelamento de animal";0;0;0;0;0;0;0;0;0;1;0;0;1;0;0
"25/08/2025";"07:09:00";"18";"Sem vítima";"363,700";"BR-262/MG";"Crescente";"Saída de pista";0;0;0;1;0;0;0;0;0;0;1;0;0;0;0
"25/08/2025";"12:57:00";"64";"Sem vítima";"456,868";"BR-262/MG";"Decrescente";"Colisão traseira";0;0;0;2;0;0;0;0;0;0;5;0;0;0;0
"25/08/2025";"14:12:00";"71";"Com vítima";"609,000";"BR-262/MG";"Decrescente";"Tombamento";0;1;0;0;0;0;0;0;0;0;0;1;0;1;0
"25/08/2025";"16:36:00";"79";"Sem vítima";"362,000";"BR-262/MG";"Crescente";"Colisão traseira";0;0;0;2;0;0;0;0;0;0;2;0;0;0;0
"25/08/2025";"16:59:00";"81";"Sem vítima";"539,000";"BR-262/MG";"Crescente";"Colisão traseira";0;0;0;0;0;0;0;0;0;0;2;0;0;0;0
"26/08/2025";"07:48:00";"20";"Sem vítima";"471,900";"BR-262/MG";"Decrescente";"Queda de moto";0;0;0;0;1;0;0;0;0;0;1;0;0;0;0
"26/08/2025";"08:31:00";"26";"Sem vítima";"359,000";"BR-262/MG";"Crescente";"Saída de pista";0;0;0;1;0;0;0;0;0;0;1;0;0;0;0
"26/08/2025";"11:58:00";"60";"Com vítima";"629,000";"BR-262/MG";"Crescente";"Tombamento";0;0;0;0;0;0;0;0;0;0;0;0;1;0;0
"26/08/2025";"14:25:00";"76";"Com vítima";"354,000";"BR-262/MG";"Decrescente";"Saída de pista";0;0;0;1;0;0;0;0;0;0;0;1;0;0;0
"26/08/2025";"14:45:00";"79";"Sem vítima";"740,000";"BR-262/MG";"Crescente";"Colisão lateral no mesmo sentido";0;0;2;0;0;0;0;0;0;0;2;0;0;0;0
"26/08/2025";"15:40:00";"88";"Sem vítima";"619,000";"BR-262/MG";"Crescente";"Colisão lateral no mesmo sentido";0;1;0;0;0;0;0;0;0;0;2;0;0;0;0
"26/08/2025";"16:23:00";"91";"Sem vítima";"409,000";"BR-262/MG";"Crescente";"Acidentes de outra natureza";0;1;0;1;0;0;0;0;0;0;2;0;0;0;0
"26/08/2025";"19:44:00";"100";"Sem vítima";"667,000";"BR-262/MG";"Crescente";"Atropelamento de animal";0;0;0;1;0;0;0;0;0;0;1;0;0;0;0
"26/08/2025";"19:55:00";"101";"Com vítima";"439,714";"BR-262/MG";"Decrescente";"Engavetamento";0;0;0;3;0;0;0;0;0;0;1;1;1;0;0
"27/08/2025";"05:12:00";"14";"Sem vítima";"443,000";"BR-262/MG";"Crescente";"Colisão lateral no mesmo sentido";0;0;0;1;0;0;0;0;0;0;2;0;0;0;0
"27/08/2025";"17:03:00";"70";"Sem vítima";"468,000";"BR-262/MG";"Crescente";"Colisão traseira";0;0;0;2;0;0;0;0;0;0;3;0;0;0;0
"27/08/2025";"19:36:00";"79";"Sem vítima";"580,000";"BR-262/MG";"Crescente";"Saída de pista";0;0;0;1;0;0;0;0;0;0;1;0;0;0;0
"28/08/2025";"05:32:00";"17";"Com vítima";"454,000";"BR-262/MG";"Crescente";"Colisão traseira";0;0;0;1;0;0;0;0;0;0;0;1;0;0;1
"28/08/2025";"09:57:00";"40";"Sem vítima";"555,000";"BR-262/MG";"Crescente";"Tombamento";0;0;0;0;0;0;0;0;0;0;1;0;0;0;0
"28/08/2025";"11:04:00";"48";"Com vítima";"358,000";"BR-262/MG";"Crescente";"Colisão traseira";0;0;0;1;1;0;0;0;0;0;1;0;1;0;0
"28/08/2025";"16:42:00";"74";"Com vítima";"357,000";"BR-262/MG";"Decrescente";"Queda de moto";0;0;0;0;1;0;0;0;0;0;0;0;1;0;0
"28/08/2025";"18:02:00";"82";"Com vítima";"539,000";"BR-262/MG";"Decrescente";"Colisão lateral no mesmo sentido";0;0;1;1;0;0;0;0;0;0;2;0;0;1;0
"28/08/2025";"18:12:00";"83";"Com vítima";"768,000";"BR-262/MG";"Crescente";"Tombamento";0;0;0;0;0;0;0;0;0;0;0;1;0;0;0
"29/08/2025";"00:00:00";"5";"Sem vítima";"573,200";"BR-262/MG";"Crescente";"Tombamento";0;0;0;0;0;0;0;0;0;0;1;0;0;0;0
"30/08/2025";"00:11:00";"1";"Com vítima";"437,000";"BR-262/MG";"Crescente";"Colisão traseira";0;0;0;1;0;0;0;0;0;0;1;1;0;0;0
"30/08/2025";"07:04:00";"11";"Com vítima";"402,000";"BR-262/MG";"Decrescente";"Colisão traseira";0;0;0;0;1;0;0;0;0;0;1;0;0;0;1
"30/08/2025";"13:17:00";"41";"Sem vítima";"534,000";"BR-262/MG";"Decrescente";"Colisão traseira";0;0;0;1;0;0;0;0;0;0;2;0;0;0;0
"30/08/2025";"17:42:00";"72";"Sem vítima";"360,000";"BR-262/MG";"Crescente";"Colisão traseira";0;0;0;1;0;0;0;0;0;0;2;0;0;0;0
"30/08/2025";"19:35:00";"77";"Sem vítima";"438,000";"BR-262/MG";"Crescente";"Choque";0;0;0;1;0;0;0;0;0;0;1;0;0;0;0
"31/08/2025";"00:45:00";"1";"Com vítima";"551,000";"BR-262/MG";"Decrescente";"Colisão lateral no mesmo sentido";0;1;0;0;1;0;0;0;0;0;0;1;1;0;0
"31/08/2025";"16:10:00";"64";"Com vítima";"742,000";"BR-262/MG";"Crescente";"Colisão frontal";0;1;0;1;0;0;0;0;0;0;1;1;0;1;0
"01/09/2025";"06:55:00";"13";"Sem vítima";"593,000";"BR-262/MG";"Crescente";"Colisão traseira";0;0;0;0;0;0;0;0;0;0;3;0;0;0;0
"01/09/2025";"10:53:00";"57";"Sem vítima";"770,000";"BR-262/MG";"Decrescente";"Colisão traseira";0;0;0;0;0;1;0;0;0;0;2;0;0;0;0
"01/09/2025";"17:14:00";"92";"Com vítima";"621,000";"BR-262/MG";"Decrescente";"Tombamento";0;0;0;0;0;0;0;0;0;0;0;1;0;0;0
"01/09/2025";"17:41:00";"96";"Sem vítima";"672,000";"BR-262/MG";"Crescente";"Colisão traseira";0;1;0;0;1;1;0;0;0;0;3;0;0;0;0
"01/09/2025";"19:02:00";"99";"Sem vítima";"362,000";"BR-262/MG";"Decrescente";"Colisão traseira";0;0;0;1;1;0;0;0;0;0;3;0;0;0;0
"01/09/2025";"23:57:00";"122";"Sem vítima";"357,000";"BR-262/MG";"Crescente";"Queda de moto";0;0;0;0;1;0;0;0;0;0;1;0;0;0;0
"02/09/2025";"17:01:00";"89";"Sem vítima";"390,000";"BR-262/MG";"Crescente";"Colisão traseira";0;1;0;0;0;0;0;0;0;0;2;0;0;0;0
"02/09/2025";"20:19:00";"100";"Com vítima";"579,000";"BR-262/MG";"Crescente";"Tombamento";0;0;0;0;0;0;0;0;0;0;0;1;0;0;0
"03/09/2025";"16:59:00";"81";"Com vítima";"450,000";"BR-262/MG";"Decrescente";"Queda de moto";0;0;0;0;1;0;0;0;0;0;0;1;0;0;0
"03/09/2025";"23:00:00";"106";"Com vítima";"538,500";"BR-262/MG";"Crescente";"Tombamento";0;0;0;0;0;0;0;0;0;0;0;0;1;0;0
"04/09/2025";"05:19:00";"8";"Com vítima";"619,000";"BR-262/MG";"Crescente";"Colisão frontal";0;0;0;0;0;0;0;0;0;0;1;0;0;1;0
"04/09/2025";"07:49:00";"14";"Sem vítima";"455,000";"BR-262/MG";"Crescente";"Colisão traseira";0;1;0;0;0;0;0;0;0;0;2;0;0;0;0
"04/09/2025";"09:58:00";"33";"Com vítima";"420,000";"BR-262/MG";"Crescente";"Colisão traseira";0;0;0;2;0;0;0;0;0;0;1;1;0;0;0
"04/09/2025";"13:08:00";"51";"Sem vítima";"586,000";"BR-262/MG";"Crescente";"Colisão traseira";0;0;0;1;0;0;0;0;0;0;2;0;0;0;0
"05/09/2025";"07:13:00";"19";"Com vítima";"439,714";"BR-262/MG";"Decrescente";"Colisão traseira";0;0;0;1;1;0;0;0;0;0;2;1;0;0;0
"05/09/2025";"07:33:00";"25";"Com vítima";"787,000";"BR-262/MG";"Decrescente";"Colisão traseira";0;0;0;1;1;0;0;0;0;0;1;0;1;0;0
"05/09/2025";"09:58:00";"41";"Sem vítima";"772,000";"BR-262/MG";"Crescente";"Colisão transversal";0;1;0;0;0;0;0;0;0;0;2;0;0;0;0
"05/09/2025";"14:11:00";"69";"Com vítima";"679,200";"BR-262/MG";"Decrescente";"Colisão traseira";0;1;0;0;0;0;0;0;0;0;2;0;1;0;0
"05/09/2025";"16:50:00";"81";"Sem vítima";"782,700";"BR-262/MG";"Crescente";"Colisão traseira";0;1;0;2;0;0;0;0;0;0;6;0;0;0;0
"05/09/2025";"18:54:00";"92";"Sem vítima";"358,000";"BR-262/MG";"Crescente";"Colisão traseira";0;0;0;1;0;1;0;0;0;0;1;0;0;0;0
"06/09/2025";"07:03:00";"14";"Sem vítima";"444,000";"BR-262/MG";"Crescente";"Saída de pista";0;0;0;1;0;0;0;0;0;0;1;0;0;0;0
"06/09/2025";"08:51:00";"25";"Com vítima";"444,000";"BR-262/MG";"Decrescente";"Colisão lateral no mesmo sentido";0;0;1;1;0;0;0;0;0;0;18;4;1;0;0
"06/09/2025";"09:41:00";"34";"Com vítima";"558,500";"BR-262/MG";"Crescente";"Colisão lateral no mesmo sentido";0;0;0;1;0;0;0;0;0;0;0;1;0;0;1
"06/09/2025";"10:21:00";"39";"Sem vítima";"599,000";"BR-262/MG";"Crescente";"Colisão lateral no mesmo sentido";0;1;0;1;0;0;0;0;0;0;5;0;0;0;0
"06/09/2025";"11:56:00";"53";"Sem vítima";"449,000";"BR-262/MG";"Crescente";"Colisão traseira";0;0;0;1;0;1;0;0;0;0;1;0;0;0;0
"06/09/2025";"16:20:00";"81";"Sem vítima";"482,000";"BR-262/MG";"Crescente";"Tombamento";0;1;0;0;0;0;0;0;0;0;1;0;0;0;0
"06/09/2025";"19:02:00";"99";"Sem vítima";"513,000";"BR-262/MG";"Decrescente";"Colisão traseira";0;0;0;2;0;0;0;0;0;0;2;0;0;0;0
"07/09/2025";"00:00:00";"9";"Sem vítima";"730,000";"BR-262/MG";"Crescente";"Colisão traseira";0;0;0;1;0;0;0;0;0;0;5;0;0;0;0
"07/09/2025";"14:10:00";"48";"Com vítima";"375,000";"BR-262/MG";"Crescente";"Queda de moto";0;0;0;0;1;0;0;0;0;0;0;0;1;0;0
"07/09/2025";"15:26:00";"58";"Sem vítima";"435,000";"BR-262/MG";"Crescente";"Queda de moto";0;0;0;0;1;0;0;0;0;0;2;0;0;0;0
"07/09/2025";"18:30:00";"82";"Sem vítima";"357,200";"BR-262/MG";"Crescente";"Colisão traseira";0;0;0;2;0;0;0;0;0;0;2;0;0;0;0
"08/09/2025";"04:20:00";"7";"Sem vítima";"356,000";"BR-262/MG";"Crescente";"Atropelamento de animal";0;0;1;1;0;0;0;0;0;0;2;0;0;0;0
"08/09/2025";"10:45:00";"44";"Sem vítima";"780,800";"BR-262/MG";"Crescente";"Colisão traseira";0;1;1;0;0;0;0;0;0;0;2;0;0;0;0
"08/09/2025";"14:38:00";"67";"Com vítima";"360,000";"BR-262/MG";"Decrescente";"Capotamento";0;0;0;2;0;0;0;0;0;0;2;0;1;0;0
"08/09/2025";"19:05:00";"94";"Sem vítima";"597,000";"BR-262/MG";"Crescente";"Colisão lateral no mesmo sentido";0;0;0;1;0;0;0;0;0;0;2;0;0;0;0
"09/09/2025";"00:00:00";"65";"Sem vítima";"725,000";"BR-262/MG";"Decrescente";"Choque";0;0;0;1;0;0;0;0;0;0;3;0;0;0;0
"09/09/2025";"04:09:00";"7";"Sem vítima";"557,000";"BR-262/MG";"Crescente";"Colisão traseira";0;0;0;0;0;0;0;0;0;0;4;0;0;0;0
"09/09/2025";"06:56:00";"11";"Sem vítima";"359,000";"BR-262/MG";"Crescente";"Colisão lateral no mesmo sentido";0;0;0;1;0;0;0;0;0;1;2;0;0;0;0
"09/09/2025";"19:57:00";"101";"Sem vítima";"655,000";"BR-262/MG";"Crescente";"Colisão traseira";0;0;0;0;1;1;0;0;0;0;2;0;0;0;0
"10/09/2025";"07:23:00";"16";"Sem vítima";"714,000";"BR-262/MG";"Crescente";"Colisão traseira";0;1;0;1;0;0;0;0;0;0;2;0;0;0;0
"10/09/2025";"13:15:00";"63";"Sem vítima";"735,000";"BR-262/MG";"Crescente";"Choque";0;1;0;0;0;0;0;0;0;0;1;0;0;0;0
"10/09/2025";"16:13:00";"79";"Sem vítima";"535,000";"BR-262/MG";"Crescente";"Saída de pista";0;0;0;0;0;0;0;0;0;0;1;0;0;0;0
"10/09/2025";"22:30:00";"111";"Com vítima";"372,000";"BR-262/MG";"Crescente";"Colisão lateral no mesmo sentido";0;1;0;0;1;0;0;0;0;0;1;0;0;0;1
"10/09/2025";"23:28:00";"116";"Com vítima";"400,000";"BR-262/MG";"Crescente";"Tombamento";0;1;0;0;0;0;0;0;0;0;0;0;1;0;0
"11/09/2025";"00:00:00";"80";"Com vítima";"357,000";"BR-262/MG";"Crescente";"Colisão frontal";0;0;0;2;0;0;0;0;0;0;1;0;1;0;0
"11/09/2025";"02:56:00";"6";"Sem vítima";"613,000";"BR-262/MG";"Crescente";"Colisão lateral no mesmo sentido";0;1;0;0;0;0;0;0;0;0;2;0;0;0;0
"11/09/2025";"11:59:00";"54";"Com vítima";"348,000";"BR-262/MG";"Decrescente";"Colisão lateral no mesmo sentido";1;0;1;0;0;0;0;0;0;0;1;0;1;0;0
"11/09/2025";"17:42:00";"81";"Sem vítima";"472,000";"BR-262/MG";"Decrescente";"Saída de pista";0;0;0;0;0;0;0;0;0;0;1;0;0;0;0
"11/09/2025";"20:45:00";"89";"Sem vítima";"407,000";"BR-262/MG";"Crescente";"Queda de moto";0;0;0;0;1;0;0;0;0;0;1;0;0;0;0
"12/09/2025";"04:25:00";"10";"Com vítima";"495,000";"BR-262/MG";"Decrescente";"Capotamento";0;0;0;1;0;0;0;0;0;0;0;0;1;0;0
"12/09/2025";"16:20:00";"74";"Com vítima";"444,000";"BR-262/MG";"Decrescente";"Colisão lateral no mesmo sentido";0;1;0;0;0;1;0;0;0;0;0;1;0;0;0
"12/09/2025";"19:38:00";"94";"Sem vítima";"433,000";"BR-262/MG";"Decrescente";"Colisão lateral no mesmo sentido";0;0;0;1;0;0;0;0;0;0;1;0;0;0;0
"13/09/2025";"10:44:00";"62";"Sem vítima";"449,000";"BR-262/MG";"Crescente";"Colisão traseira";0;0;0;1;0;0;0;0;0;0;1;0;0;0;0
"13/09/2025";"15:22:00";"96";"Com vítima";"773,000";"BR-262/MG";"Crescente";"Capotamento";0;0;0;1;0;0;0;0;0;0;0;0;0;1;0
"13/09/2025";"17:27:00";"113";"Com vítima";"546,000";"BR-262/MG";"Crescente";"Colisão lateral no mesmo sentido";0;0;0;1;1;0;0;0;0;0;2;0;1;0;0
"13/09/2025";"18:18:00";"118";"Sem vítima";"407,000";"BR-262/MG";"Crescente";"Colisão traseira";0;0;0;2;0;0;0;0;0;0;2;0;0;0;0
"13/09/2025";"20:14:00";"124";"Sem vítima";"571,000";"BR-262/MG";"Crescente";"Saída de pista";0;0;0;1;0;1;0;0;0;0;1;0;0;0;0
"14/09/2025";"02:33:00";"2";"Com vítima";"389,000";"BR-262/MG";"Crescente";"Capotamento";0;0;0;1;0;0;0;0;0;0;0;1;2;0;0
"14/09/2025";"08:14:00";"19";"Sem vítima";"561,000";"BR-262/MG";"Crescente";"Tombamento";0;0;0;0;0;0;0;0;0;0;1;0;0;0;0
"14/09/2025";"11:09:00";"33";"Com vítima";"478,000";"BR-262/MG";"Crescente";"Queda de moto";0;0;0;0;1;0;0;0;0;0;0;2;0;0;0
"14/09/2025";"11:39:00";"35";"Com vítima";"437,000";"BR-262/MG";"Decrescente";"Saída de pista";0;0;0;1;0;0;0;0;0;0;0;1;0;0;0
"14/09/2025";"15:16:00";"67";"Sem vítima";"399,000";"BR-262/MG";"Decrescente";"Saída de pista";0;0;0;1;0;0;0;0;0;0;1;0;0;0;0
"14/09/2025";"16:25:00";"75";"Com vítima";"470,000";"BR-262/MG";"Crescente";"Atropelamento de ciclista";0;1;0;0;1;0;0;0;0;0;1;0;0;0;1
"14/09/2025";"16:46:00";"77";"Com vítima";"413,700";"BR-262/MG";"Crescente";"Colisão lateral no mesmo sentido";0;0;0;1;1;0;0;0;0;0;1;0;0;1;0
"14/09/2025";"17:35:00";"83";"Com vítima";"531,000";"BR-262/MG";"Crescente";"Tombamento";0;0;0;0;0;0;0;0;0;0;0;0;1;0;0
"14/09/2025";"21:16:00";"96";"Sem vítima";"490,000";"BR-262/MG";"Decrescente";"Atropelamento de animal";0;0;0;1;0;0;0;0;0;0;1;0;0;0;0
"15/09/2025";"00:00:00";"36";"Com vítima";"441,000";"BR-262/MG";"Crescente";"Atropelamento de pedestre";0;0;0;1;0;0;0;0;0;0;1;0;1;0;0
"15/09/2025";"00:00:00";"98";"Sem vítima";"646,000";"BR-262/MG";"Decrescente";"Colisão traseira";0;1;0;0;0;0;0;0;0;0;2;0;0;0;0
"15/09/2025";"03:59:00";"9";"Sem vítima";"676,000";"BR-262/MG";"Decrescente";"Atropelamento de animal";0;0;0;0;0;0;0;0;0;0;2;0;0;0;0
"15/09/2025";"07:06:00";"17";"Sem vítima";"529,000";"BR-262/MG";"Decrescente";"Saída de pista";0;0;0;1;0;0;0;0;0;0;1;0;0;0;0