data;horario;n_da_ocorrencia;tipo_de_ocorrencia;km;trecho;sentido;tipo_de_acidente;automovel;bicicleta;caminhao;moto;onibus;outros;tracao_animal;transporte_de_cargas_especiais;trator_maquinas;utilitarios;ilesos;levemente_feridos;moderadamente_feridos;gravemente_feridos;mortos
"15/09/2025";"07:51:00";"21";"Sem vítima";"511,000";"BR-262/MG";"Crescente";"Saída de pista";0;0;0;1;0;0;0;0;0;0;1;0;0;0;0
"15/09/2025";"11:43:00";"41";"Sem vítima";"353,400";"BR-262/MG";"Crescente";"Colisão traseira";1;0;0;0;0;0;0;0;0;1;2;0;0;0;0
"15/09/2025";"16:19:00";"69";"Sem vítima";"442,000";"BR-262/MG";"Decrescente";"Colisão lateral no mesmo sentido";0;0;0;1;0;1;0;0;0;0;1;0;0;0;0
"16/09/2025";"15:55:00";"65";"Sem vítima";"547,000";"BR-262/MG";"Decrescente";"Colisão traseira";0;0;0;1;0;0;0;0;0;0;2;0;0;0;0
"17/09/2025";"00:59:00";"2";"Com vítima";"460,000";"BR-262/MG";"Decrescente";"Tombamento";0;1;0;0;0;0;0;0;0;0;0;1;0;0;0
"17/09/2025";"07:40:00";"23";"Com vítima";"488,000";"BR-262/MG";"Crescente";"Saída de pista";0;1;0;0;0;0;0;0;0;0;0;1;0;0;0
"17/09/2025";"08:14:00";"32";"Sem vítima";"781,000";"BR-262/MG";"Decrescente";"Colisão traseira";0;0;0;2;0;0;0;0;0;0;6;0;0;0;0
"17/09/2025";"12:15:00";"59";"Com vítima";"358,000";"BR-262/MG";"Crescente";"Queda de moto";0;0;0;0;1;0;0;0;0;0;0;0;1;0;0
"17/09/2025";"15:57:00";"85";"Sem vítima";"451,000";"BR-262/MG";"Crescente";"Tombamento";0;0;0;0;0;0;0;0;0;0;1;0;0;0;0
"17/09/2025";"16:44:00";"92";"Com vítima";"417,000";"BR-262/MG";"Decrescente";"Queda de moto";0;0;0;0;1;0;0;0;0;0;0;2;0;0;0
"17/09/2025";"18:17:00";"107";"Com vítima";"488,752";"BR-262/MG";"Crescente";"Colisão traseira";0;1;0;1;0;0;0;0;0;0;0;1;0;1;0
"17/09/2025";"18:22:00";"109";"Sem vítima";"558,000";"BR-262/MG";"Crescente";"Colisão traseira";0;1;0;0;0;0;0;0;0;0;2;0;0;0;0
"18/09/2025";"02:16:00";"5";"Com vítima";"429,000";"BR-262/MG";"Decrescente";"Tombamento";0;0;0;0;0;0;0;0;0;0;0;1;0;0;0
"18/09/2025";"05:17:00";"11";"Com vítima";"662,500";"BR-262/MG";"Crescente";"Capotamento";0;0;0;1;0;0;0;0;0;0;0;2;0;0;0
"18/09/2025";"21:28:00";"108";"Sem vítima";"490,500";"BR-262/MG";"Crescente";"Colisão frontal";0;0;0;1;0;0;0;0;0;0;1;0;0;0;0
"19/09/2025";"00:00:00";"100";"Sem vítima";"785,900";"BR-262/MG";"Crescente";"Saída de pista";0;0;0;1;0;0;0;0;0;0;1;0;0;0;0
"19/09/2025";"06:44:00";"14";"Sem vítima";"354,200";"BR-262/MG";"Crescente";"Colisão traseira";0;0;0;1;0;0;0;0;0;0;1;0;0;0;0
"19/09/2025";"15:42:00";"71";"Sem vítima";"732,000";"BR-262/MG";"Crescente";"Saída de pista";0;0;0;0;0;0;0;0;0;0;1;0;0;0;0
"19/09/2025";"15:42:00";"72";"Sem vítima";"468,000";"BR-262/MG";"Decrescente";"Colisão traseira";0;0;0;2;0;0;0;0;0;0;2;0;0;0;0
"19/09/2025";"16:16:00";"74";"Sem vítima";"786,000";"BR-262/MG";"Crescente";"Colisão traseira";0;0;0;3;0;0;0;0;0;0;3;0;0;0;0
"19/09/2025";"16:55:00";"79";"Sem vítima";"412,000";"BR-262/MG";"Decrescente";"Acidentes de outra natureza";0;0;0;1;0;0;0;0;0;0;0;0;0;0;0
"19/09/2025";"18:56:00";"87";"Sem vítima";"564,500";"BR-262/MG";"Crescente";"Colisão traseira";0;1;0;0;0;0;0;0;0;0;2;0;0;0;0
"19/09/2025";"19:44:00";"93";"Sem vítima";"548,000";"BR-262/MG";"Crescente";"Capotamento";0;0;0;1;0;0;0;0;0;0;1;0;0;0;0
"19/09/2025";"19:45:00";"94";"Com vítima";"407,000";"BR-262/MG";"Decrescente";"Colisão lateral no mesmo sentido";0;1;0;1;0;0;0;0;0;0;1;1;0;0;0
"19/09/2025";"20:01:00";"95";"Com vítima";"581,000";"BR-262/MG";"Crescente";"Queda de moto";0;0;0;0;1;0;0;0;0;0;0;0;1;0;0
"20/09/2025";"00:00:00";"63";"Com vítima";"470,000";"BR-262/MG";"Decrescente";"Colisão traseira";0;0;0;2;0;0;0;0;0;0;3;1;0;0;0
"20/09/2025";"01:09:00";"2";"Com vítima";"622,000";"BR-262/MG";"Decrescente";"Colisão traseira";0;0;0;2;0;0;0;0;0;0;1;1;0;0;0
"20/09/2025";"02:36:00";"6";"Sem vítima";"629,000";"BR-262/MG";"Crescente";"Saída de pista";0;0;0;0;0;0;0;0;0;0;1;0;0;0;0
"20/09/2025";"07:15:00";"23";"Com vítima";"630,000";"BR-262/MG";"Decrescente";"Colisão traseira";0;1;1;0;0;0;0;0;0;0;1;1;0;0;0
"20/09/2025";"16:36:00";"80";"Sem vítima";"349,000";"BR-262/MG";"Decrescente";"Saída de pista";0;0;0;1;0;0;0;0;0;0;1;0;0;0;0
"20/09/2025";"20:49:00";"98";"Com vítima";"786,000";"BR-262/MG";"Crescente";"Queda de moto";0;0;0;0;1;0;0;0;0;0;0;1;0;0;0
"20/09/2025";"21:55:00";"108";"Com vítima";"364,000";"BR-262/MG";"Decrescente";"Engavetamento";0;0;0;11;0;0;0;0;0;0;9;0;1;1;0
"20/09/2025";"22:27:00";"106";"Sem vítima";"751,800";"BR-262/MG";"Decrescente";"Saída de pista";0;0;0;1;0;0;0;0;0;0;1;0;0;0;0
"21/09/2025";"06:22:00";"12";"Com vítima";"429,000";"BR-262/MG";"Decrescente";"Queda de moto";0;0;0;0;1;0;0;0;0;0;0;1;0;0;0
"21/09/2025";"10:21:00";"47";"Sem vítima";"457,100";"BR-262/MG";"Crescente";"Capotamento";0;0;0;1;0;0;0;0;0;0;1;0;0;0;0
"21/09/2025";"14:43:00";"83";"Sem vítima";"786,000";"BR-262/MG";"Crescente";"Capotamento";0;0;0;1;0;0;0;0;0;0;0;0;0;0;0
"21/09/2025";"15:37:00";"90";"Com vítima";"464,000";"BR-262/MG";"Decrescente";"Colisão frontal";0;1;0;1;0;0;0;0;0;0;0;0;2;2;1
"21/09/2025";"16:37:00";"93";"Com vítima";"786,000";"BR-262/MG";"Crescente";"Queda de moto";0;0;0;0;1;0;0;0;0;0;0;0;1;0;0
"21/09/2025";"16:51:00";"94";"Sem vítima";"380,000";"BR-262/MG";"Crescente";"Saída de pista";0;0;0;1;0;0;0;0;0;0;3;0;0;0;0
"21/09/2025";"17:16:00";"97";"Com vítima";"400,000";"BR-262/MG";"Crescente";"Colisão lateral no mesmo sentido";0;0;0;1;1;0;0;0;0;0;4;0;1;0;0
"21/09/2025";"17:39:00";"100";"Com vítima";"693,000";"BR-262/MG";"Crescente";"Saída de pista";0;0;0;1;0;0;0;0;0;0;0;2;0;0;0
"21/09/2025";"21:33:00";"113";"Sem vítima";"458,000";"BR-262/MG";"Crescente";"Colisão lateral no mesmo sentido";0;0;0;1;0;0;0;0;0;0;6;0;0;0;0
"21/09/2025";"21:57:00";"116";"Sem vítima";"508,000";"BR-262/MG";"Crescente";"Atropelamento de animal";0;0;0;2;0;0;0;0;0;0;4;0;0;0;0
"21/09/2025";"23:55:00";"121";"Com vítima";"786,000";"BR-262/MG";"Decrescente";"Queda de moto";0;0;0;0;1;0;0;0;0;0;0;1;0;0;0
"22/09/2025";"00:00:00";"96";"Sem vítima";"450,000";"BR-262/MG";"Crescente";"Tombamento";0;1;0;0;0;0;0;0;0;0;1;0;0;0;0
"22/09/2025";"12:03:00";"57";"Sem vítima";"663,000";"BR-262/MG";"Crescente";"Engavetamento";0;1;0;0;0;0;0;0;0;0;4;0;0;0;0
"22/09/2025";"13:22:00";"65";"Com vítima";"679,700";"BR-262/MG";"Crescente";"Colisão traseira";0;0;0;1;0;0;0;0;0;0;0;0;1;0;0
"22/09/2025";"18:03:00";"90";"Com vítima";"432,500";"BR-262/MG";"Crescente";"Capotamento";0;0;1;3;0;1;0;0;0;0;2;1;2;0;0
"22/09/2025";"18:43:00";"92";"Sem vítima";"416,000";"BR-262/MG";"Crescente";"Saída de pista";0;0;0;1;0;0;0;0;0;0;1;0;0;0;0
"22/09/2025";"20:34:00";"98";"Sem vítima";"464,000";"BR-262/MG";"Crescente";"Queda de moto";0;0;0;0;1;0;0;0;0;0;1;0;0;0;0
"22/09/2025";"23:15:00";"106";"Sem vítima";"349,000";"BR-262/MG";"Decrescente";"Atropelamento de animal";1;0;1;0;0;0;0;0;0;0;2;0;0;0;0
"23/09/2025";"05:26:00";"9";"Sem vítima";"785,000";"BR-262/MG";"Decrescente";"Saída de pista";0;0;0;1;0;0;0;0;0;0;1;0;0;0;0
"23/09/2025";"09:07:00";"31";"Sem vítima";"442,000";"BR-262/MG";"Decrescente";"Saída de pista";0;0;0;1;0;0;0;0;0;0;1;0;0;0;0
"23/09/2025";"10:41:00";"43";"Sem vítima";"365,000";"BR-262/MG";"Crescente";"Colisão traseira";0;1;0;0;0;0;0;0;0;0;2;0;0;0;0
"23/09/2025";"15:46:00";"67";"Sem vítima";"722,000";"BR-262/MG";"Decrescente";"Saída de pista";0;0;0;1;0;0;0;0;0;0;1;0;0;0;0
"23/09/2025";"21:27:00";"94";"Com vítima";"372,000";"BR-262/MG";"Decrescente";"Colisão traseira";0;1;0;1;0;0;0;0;0;0;1;0;1;0;0
"24/09/2025";"00:00:00";"56";"Sem vítima";"638,000";"BR-262/MG";"Crescente";"Colisão lateral no mesmo sentido";0;1;0;0;0;0;0;0;0;0;2;0;0;0;0
"24/09/2025";"00:00:00";"84";"Sem vítima";"516,000";"BR-262/MG";"Decrescente";"Colisão lateral no mesmo sentido";0;0;0;2;0;0;0;0;0;0;2;0;0;0;0
"24/09/2025";"00:00:00";"96";"Sem vítima";"486,500";"BR-262/MG";"Crescente";"Tombamento";0;0;0;0;0;0;0;0;0;0;1;0;0;0;0
"24/09/2025";"06:45:00";"10";"Sem vítima";"427,000";"BR-262/MG";"Decrescente";"Saída de pista";0;0;0;1;0;0;0;0;0;0;4;0;0;0;0
"24/09/2025";"15:04:00";"74";"Com vítima";"408,000";"BR-262/MG";"Decrescente";"Colisão traseira";0;0;0;0;1;0;0;0;0;0;1;0;0;1;1
"24/09/2025";"18:30:00";"93";"Com vítima";"786,000";"BR-262/MG";"Crescente";"Colisão traseira";0;0;0;0;1;1;0;0;0;0;0;0;1;0;0
"25/09/2025";"07:24:00";"22";"Com vítima";"785,000";"BR-262/MG";"Decrescente";"Colisão traseira";0;0;0;1;1;0;0;0;0;0;1;1;0;0;0
"25/09/2025";"11:24:00";"65";"Sem vítima";"645,000";"BR-262/MG";"Decrescente";"Colisão traseira";0;0;0;0;0;0;0;0;0;0;2;0;0;0;0
"25/09/2025";"12:14:00";"72";"Com vítima";"574,000";"BR-262/MG";"Crescente";"Colisão lateral no mesmo sentido";0;0;0;2;0;0;0;0;0;0;3;2;0;0;0
"26/09/2025";"07:28:00";"23";"Com vítima";"752,000";"BR-262/MG";"Decrescente";"Saída de pista";0;0;0;1;0;0;0;0;0;0;1;1;0;0;0
"26/09/2025";"11:31:00";"48";"Sem vítima";"779,000";"BR-262/MG";"Crescente";"Colisão traseira";0;0;0;2;0;0;0;0;0;0;2;0;0;0;0
"26/09/2025";"12:36:00";"56";"Sem vítima";"359,000";"BR-262/MG";"Crescente";"Colisão traseira";0;1;0;3;1;0;0;0;0;0;8;0;0;0;0
"26/09/2025";"12:59:00";"59";"Sem vítima";"359,000";"BR-262/MG";"Decrescente";"Colisão traseira";0;0;0;1;0;1;0;0;0;0;1;0;0;0;0
"26/09/2025";"17:42:00";"80";"Com vítima";"361,000";"BR-262/MG";"Decrescente";"Saída de pista";0;0;0;1;0;0;0;0;0;0;0;1;0;0;0
"26/09/2025";"18:28:00";"82";"Com vítima";"358,000";"BR-262/MG";"Crescente";"Colisão traseira";0;0;0;1;1;0;0;0;0;0;0;1;0;1;0
"27/09/2025";"00:00:00";"32";"Sem vítima";"362,000";"BR-262/MG";"Decrescente";"Saída de pista";0;0;0;1;0;0;0;0;0;0;4;0;0;0;0
"27/09/2025";"05:44:00";"10";"Sem vítima";"774,000";"BR-262/MG";"Crescente";"Saída de pista";0;0;0;1;0;0;0;0;0;0;1;0;0;0;0
"27/09/2025";"11:44:00";"43";"Sem vítima";"352,000";"BR-262/MG";"Crescente";"Saída de pista";0;0;0;1;0;0;0;0;0;0;1;0;0;0;0
"27/09/2025";"18:13:00";"85";"Sem vítima";"390,000";"BR-262/MG";"Crescente";"Capotamento";0;0;0;1;0;0;0;0;0;0;1;0;0;0;0
"27/09/2025";"19:23:00";"89";"Sem vítima";"362,000";"BR-262/MG";"Crescente";"Atropelamento de animal";0;0;0;1;0;0;0;0;0;0;1;0;0;0;0
"27/09/2025";"20:18:00";"93";"Com vítima";"429,000";"BR-262/MG";"Decrescente";"Acidentes de outra natureza";0;0;0;0;0;1;0;0;0;0;0;0;0;1;0
"27/09/2025";"20:30:00";"95";"Com vítima";"526,000";"BR-262/MG";"Decrescente";"Tombamento";0;0;0;0;0;0;0;0;0;0;0;0;1;0;0
"27/09/2025";"20:46:00";"97";"Com vítima";"484,000";"BR-262/MG";"Crescente";"Queda de moto";0;0;0;0;1;0;0;0;0;0;0;1;0;0;0
"28/09/2025";"04:27:00";"9";"Sem vítima";"525,882";"BR-262/MG";"Decrescente";"Atropelamento de animal";0;0;0;1;0;0;0;0;0;0;1;0;0;0;0
"28/09/2025";"06:05:00";"12";"Sem vítima";"777,300";"BR-262/MG";"Crescente";"Saída de pista";0;0;0;1;0;0;0;0;0;0;3;0;0;0;0
"28/09/2025";"07:15:00";"22";"Com vítima";"358,000";"BR-262/MG";"Decrescente";"Queda de moto";0;0;0;0;1;0;0;0;0;0;0;1;0;0;0
"28/09/2025";"18:45:00";"94";"Sem vítima";"601,000";"BR-262/MG";"Crescente";"Capotamento";0;0;0;1;0;0;0;0;0;0;1;0;0;0;0
"28/09/2025";"20:07:00";"100";"Sem vítima";"492,000";"BR-262/MG";"Decrescente";"Choque";0;0;0;0;0;0;0;0;0;0;0;0;0;0;0
"29/09/2025";"06:14:00";"14";"Sem vítima";"470,000";"BR-262/MG";"Decrescente";"Colisão lateral no mesmo sentido";0;0;0;1;0;0;0;0;0;0;2;0;0;0;0
"29/09/2025";"09:04:00";"94";"Com vítima";"354,000";"BR-262/MG";"Decrescente";"Colisão traseira";0;1;0;0;0;0;0;0;0;0;0;1;1;0;0
"29/09/2025";"21:17:00";"108";"Com vítima";"383,000";"BR-262/MG";"Decrescente";"Saída de pista";0;0;0;1;0;0;0;0;0;0;0;1;0;0;0
"30/09/2025";"00:00:00";"84";"Com vítima";"354,000";"BR-262/MG";"Decrescente";"Colisão traseira";0;0;0;0;1;0;0;0;0;0;0;1;0;0;1
"30/09/2025";"02:13:00";"4";"Com vítima";"518,000";"BR-262/MG";"Decrescente";"Atropelamento de animal";0;0;0;1;0;0;0;0;0;0;0;1;0;0;0
"30/09/2025";"05:17:00";"9";"Sem vítima";"425,000";"BR-262/MG";"Decrescente";"Saída de pista";0;0;0;1;0;0;0;0;0;0;1;0;0;0;0
"30/09/2025";"07:19:00";"24";"Com vítima";"785,572";"BR-262/MG";"Decrescente";"Colisão traseira";0;0;0;1;1;0;0;0;0;0;1;1;0;0;0
"30/09/2025";"12:36:00";"72";"Com vítima";"424,000";"BR-262/MG";"Crescente";"Saída de pista";0;0;0;1;0;0;0;0;0;0;0;0;1;0;0
"30/09/2025";"12:53:00";"73";"Com vítima";"457,500";"BR-262/MG";"Crescente";"Colisão traseira";0;0;0;2;0;0;0;0;0;0;4;1;0;0;0
"30/09/2025";"14:42:00";"83";"Com vítima";"478,000";"BR-262/MG";"Crescente";"Colisão lateral no mesmo sentido";0;1;0;2;0;0;0;0;0;0;6;0;1;0;0
"30/09/2025";"18:23:00";"99";"Sem vítima";"405,000";"BR-262/MG";"Decrescente";"Queda de moto";0;0;0;0;1;0;0;0;0;0;1;0;0;0;0
"30/09/2025";"23:33:00";"110";"Sem vítima";"462,000";"BR-262/MG";"Crescente";"Saída de pista";0;0;0;0;0;0;0;0;0;0;0;0;0;0;0
"01/10/2025";"04:12:00";"8";"Sem vítima";"550,000";"BR-262/MG";"Decrescente";"Tombamento";0;0;0;0;0;0;0;0;0;0;1;0;0;0;0
"01/10/2025";"06:03:00";"14";"Sem vítima";"407,000";"BR-262/MG";"Crescente";"Saída de pista";0;1;0;0;0;0;0;0;0;0;1;0;0;0;0
"01/10/2025";"08:14:00";"27";"Com vítima";"786,000";"BR-262/MG";"Decrescente";"Colisão traseira";0;0;0;1;1;0;0;0;0;0;1;1;0;0;0
"01/10/2025";"10:59:00";"41";"Sem vítima";"428,000";"BR-262/MG";"Crescente";"Saída de pista";0;0;0;1;0;0;0;0;0;0;2;0;0;0;0
"01/10/2025";"16:55:00";"74";"Com vítima";"437,000";"BR-262/MG";"Crescente";"Queda de moto";0;0;0;0;1;0;0;0;0;0;1;1;0;0;0
"02/10/2025";"00:00:00";"112";"Sem vítima";"436,000";"BR-262/MG";"Decrescente";"Colisão traseira";0;0;0;0;0;0;0;0;0;0;2;0;0;0;0
"02/10/2025";"00:02:00";"1";"Sem vítima";"354,000";"BR-262/MG";"Crescente";"Colisão frontal";0;0;0;1;0;0;0;0;0;0;1;0;0;0;0
"02/10/2025";"09:45:00";"44";"Sem vítima";"780,000";"BR-262/MG";"Decrescente";"Colisão traseira";0;1;0;1;0;0;0;0;0;0;3;0;0;0;0
"02/10/2025";"16:32:00";"90";"Sem vítima";"394,000";"BR-262/MG";"Decrescente";"Acidentes de outra natureza";0;1;0;1;0;0;0;0;0;0;7;0;0;0;0
"02/10/2025";"18:26:00";"97";"Sem vítima";"762,000";"BR-262/MG";"Crescente";"Colisão traseira";0;1;1;0;0;1;0;0;0;0;2;0;0;0;0
"02/10/2025";"21:46:00";"109";"Sem vítima";"601,000";"BR-262/MG";"Crescente";"Saída de pista";0;0;0;0;0;0;0;0;0;0;1;0;0;0;0
"03/10/2025";"04:27:00";"12";"Sem vítima";"543,000";"BR-262/MG";"Crescente";"Tombamento";0;0;0;0;0;0;0;0;0;0;1;0;0;0;0
"03/10/2025";"08:49:00";"46";"Com vítima";"535,000";"BR-262/MG";"Crescente";"Tombamento";0;0;0;0;0;0;0;0;0;0;0;0;0;1;0
"03/10/2025";"10:15:00";"59";"Sem vítima";"536,000";"BR-262/MG";"Crescente";"Colisão traseira";0;1;0;1;0;0;0;0;0;0;5;0;0;0;0
"03/10/2025";"11:20:00";"68";"Sem vítima";"482,200";"BR-262/MG";"Crescente";"Colisão traseira";0;0;0;1;0;0;0;0;0;0;2;0;0;0;0
"03/10/2025";"19:26:00";"121";"Com vítima";"407,000";"BR-262/MG";"Decrescente";"Colisão lateral no mesmo sentido";0;0;0;1;1;0;0;0;0;0;1;1;1;0;0
"03/10/2025";"21:26:00";"128";"Com vítima";"363,000";"BR-262/MG";"Crescente";"Colisão traseira";0;1;0;0;0;0;0;0;0;0;1;0;0;0;1
"04/10/2025";"00:00:00";"108";"Com vítima";"352,000";"BR-262/MG";"Decrescente";"Atropelamento de pedestre";0;0;0;1;0;0;0;0;0;0;1;0;0;0;1
"04/10/2025";"01:24:00";"1";"Com vítima";"439,000";"BR-262/MG";"Crescente";"Acidentes de outra natureza";0;0;0;0;1;0;0;0;0;0;0;1;0;0;0
"04/10/2025";"18:33:00";"91";"Com vítima";"351,000";"BR-262/MG";"Decrescente";"Colisão frontal";0;0;0;1;1;0;0;0;0;0;1;2;0;0;0
"05/10/2025";"10:48:00";"35";"Com vítima";"375,000";"BR-262/MG";"Crescente";"Queda de moto";0;0;0;0;1;0;0;0;0;0;0;1;0;0;0
"05/10/2025";"12:16:00";"44";"Sem vítima";"357,000";"BR-262/MG";"Crescente";"Colisão traseira";0;0;0;2;0;0;0;0;0;0;6;0;0;0;0
"05/10/2025";"15:01:00";"57";"Com vítima";"350,000";"BR-262/MG";"Decrescente";"Colisão traseira";0;0;0;1;1;0;0;0;0;0;1;1;1;0;0
"05/10/2025";"18:41:00";"83";"Sem vítima";"494,000";"BR-262/MG";"Crescente";"Saída de pista";0;0;0;1;0;0;0;0;0;0;1;0;0;0;0
"05/10/2025";"19:28:00";"89";"Sem vítima";"369,000";"BR-262/MG";"Crescente";"Atropelamento de animal";0;0;0;1;0;0;0;0;0;0;1;0;0;0;0
"05/10/2025";"19:40:00";"82";"Sem vítima";"376,000";"BR-262/MG";"Crescente";"Engavetamento";0;0;0;3;0;0;0;0;0;0;3;0;0;0;0
"05/10/2025";"20:58:00";"93";"Sem vítima";"359,000";"BR-262/MG";"Crescente";"Colisão traseira";0;0;0;1;1;0;0;0;0;0;2;0;0;0;0
"06/10/2025";"00:00:00";"54";"Com vítima";"787,000";"BR-262/MG";"Decrescente";"Queda de moto";0;0;0;0;1;0;0;0;0;0;0;1;0;0;0
"06/10/2025";"00:00:00";"71";"Sem vítima";"429,000";"BR-262/MG";"Crescente";"Colisão lateral no mesmo sentido";0;0;0;1;0;0;0;0;0;0;0;0;0;0;0
"06/10/2025";"06:20:00";"9";"Com vítima";"666,000";"BR-262/MG";"Crescente";"Colisão lateral no mesmo sentido";0;0;0;2;0;0;0;0;0;0;1;3;0;0;0
"06/10/2025";"07:13:00";"12";"Sem vítima";"732,000";"BR-262/MG";"Decrescente";"Tombamento";0;0;0;0;0;0;0;0;0;0;1;0;0;0;0
"06/10/2025";"08:53:00";"26";"Sem vítima";"388,000";"BR-262/MG";"Decrescente";"Acidentes de outra natureza";0;0;0;0;0;0;0;0;0;1;1;0;0;0;0
"06/10/2025";"08:55:00";"27";"Sem vítima";"452,000";"BR-262/MG";"Crescente";"Colisão traseira";0;0;0;1;0;0;0;0;0;0;2;0;0;0;0
"06/10/2025";"15:04:00";"63";"Sem vítima";"388,000";"BR-262/MG";"Decrescente";"Colisão lateral no mesmo sentido";0;1;0;1;0;0;0;0;0;0;4;0;0;0;0
"06/10/2025";"20:24:00";"85";"Com vítima";"474,000";"BR-262/MG";"Crescente";"Colisão lateral no mesmo sentido";0;0;0;1;0;0;0;0;0;0;1;0;1;0;0
"07/10/2025";"02:35:00";"2";"Com vítima";"544,000";"BR-262/MG";"Crescente";"Choque";0;1;1;0;0;0;0;0;0;0;1;1;0;0;0
"07/10/2025";"05:44:00";"9";"Sem vítima";"671,000";"BR-262/MG";"Crescente";"Tombamento";0;0;0;0;0;0;0;0;0;0;1;0;0;0;0
"07/10/2025";"07:25:00";"18";"Com vítima";"353,400";"BR-262/MG";"Crescente";"Capotamento";0;0;0;1;0;0;0;0;0;0;0;0;0;0;1
"07/10/2025";"11:45:00";"54";"Sem vítima";"680,000";"BR-262/MG";"Crescente";"Colisão lateral no mesmo sentido";0;0;0;2;0;0;0;0;0;0;2;0;0;0;0
"07/10/2025";"13:25:00";"65";"Sem vítima";"624,000";"BR-262/MG";"Crescente";"Colisão traseira";0;0;0;0;0;0;0;0;0;0;0;0;0;0;0
"07/10/2025";"17:02:00";"94";"Com vítima";"438,000";"BR-262/MG";"Crescente";"Acidentes de outra natureza";0;0;0;0;1;0;0;0;0;0;1;1;0;0;0
"08/10/2025";"07:21:00";"18";"Sem vítima";"358,000";"BR-262/MG";"Crescente";"Colisão lateral no mesmo sentido";0;0;0;2;0;0;0;0;0;0;2;0;0;0;0
"08/10/2025";"10:46:00";"50";"Sem vítima";"522,000";"BR-262/MG";"Crescente";"Colisão traseira";0;1;0;0;0;0;0;0;0;0;2;0;0;0;0
"08/10/2025";"11:38:00";"56";"Com vítima";"528,000";"BR-262/MG";"Crescente";"Saída de pista";0;0;0;0;0;0;0;0;0;0;0;0;1;0;0
"09/10/2025";"00:00:00";"7";"Sem vítima";"766,000";"BR-262/MG";"Crescente";"Saída de pista";0;0;0;0;0;0;0;0;0;0;1;0;0;0;0
"09/10/2025";"11:33:00";"47";"Sem vítima";"430,000";"BR-262/MG";"Decrescente";"Saída de pista";0;1;0;0;0;0;0;0;0;0;1;0;0;0;0
"09/10/2025";"14:45:00";"59";"Sem vítima";"431,000";"BR-262/MG";"Crescente";"Acidentes de outra natureza";0;1;0;1;0;0;0;0;0;0;0;0;0;0;0
"09/10/2025";"15:07:00";"63";"Sem vítima";"423,000";"BR-262/MG";"Decrescente";"Colisão lateral no mesmo sentido";0;1;0;0;0;0;0;0;0;0;2;0;0;0;0
"09/10/2025";"22:01:00";"93";"Sem vítima";"602,000";"BR-262/MG";"Decrescente";"Tombamento";0;0;0;0;0;0;0;0;0;0;1;0;0;0;0
"10/10/2025";"01:41:00";"2";"Sem vítima";"382,000";"BR-262/MG";"Crescente";"Saída de pista";0;0;0;1;0;0;0;0;0;0;1;0;0;0;0
"10/10/2025";"09:26:00";"34";"Sem vítima";"378,000";"BR-262/MG";"Decrescente";"Colisão traseira";0;0;0;2;0;0;0;0;0;0;2;0;0;0;0
"10/10/2025";"11:29:00";"48";"Sem vítima";"475,000";"BR-262/MG";"Crescente";"Colisão traseira";0;0;0;1;0;1;0;0;0;0;1;0;0;0;0
"10/10/2025";"11:47:00";"51";"Sem vítima";"516,000";"BR-262/MG";"Crescente";"Colisão lateral no mesmo sentido";0;0;0;1;0;0;0;0;0;0;3;0;0;0;0
"10/10/2025";"14:36:00";"52";"Sem vítima";"470,000";"BR-262/MG";"Crescente";"Colisão lateral no mesmo sentido";0;0;0;2;0;0;0;0;0;0;3;0;0;0;0
"10/10/2025";"20:58:00";"102";"Com vítima";"606,000";"BR-262/MG";"Crescente";"Colisão traseira";0;0;0;1;0;0;0;0;0;0;2;0;2;1;0
"10/10/2025";"23:14:00";"108";"Sem vítima";"376,000";"BR-262/MG";"Crescente";"Saída de pista";0;0;0;1;0;0;0;0;0;0;1;0;0;0;0
"11/10/2025";"06:35:00";"14";"Com vítima";"360,000";"BR-262/MG";"Crescente";"Colisão traseira";0;0;0;0;1;0;0;0;0;0;0;0;0;1;0
"11/10/2025";"07:53:00";"24";"Sem vítima";"733,000";"BR-262/MG";"Decrescente";"Saída de pista";0;0;0;1;0;0;0;0;0;0;1;0;0;0;0