data;horario;n_da_ocorrencia;tipo_de_ocorrencia;km;trecho;sentido;tipo_de_acidente;automovel;bicicleta;caminhao;moto;onibus;outros;tracao_animal;transporte_de_cargas_especiais;trator_maquinas;utilitarios;ilesos;levemente_feridos;moderadamente_feridos;gravemente_feridos;mortos
"11/10/2025";"10:16:00";"40";"Com vítima";"612,000";"BR-262/MG";"Crescente";"Colisão traseira";0;0;0;1;0;0;0;0;0;0;4;1;0;0;0
"11/10/2025";"11:04:00";"45";"Sem vítima";"384,770";"BR-262/MG";"Crescente";"Colisão lateral no mesmo sentido";0;0;0;1;0;0;0;0;0;0;3;0;0;0;0
"11/10/2025";"16:06:00";"79";"Sem vítima";"472,000";"BR-262/MG";"Crescente";"Colisão traseira";0;0;0;1;1;0;0;0;0;0;3;0;0;0;0
"11/10/2025";"16:33:00";"82";"Sem vítima";"359,000";"BR-262/MG";"Crescente";"Saída de pista";0;0;0;1;0;0;0;0;0;0;1;0;0;0;0
"12/10/2025";"00:00:00";"103";"Com vítima";"780,000";"BR-262/MG";"Decrescente";"Atropelamento de animal";0;0;0;1;1;0;0;0;0;0;5;0;1;0;0
"12/10/2025";"01:07:00";"3";"Sem vítima";"734,000";"BR-262/MG";"Crescente";"Saída de pista";0;0;0;1;0;0;0;0;0;0;2;0;0;0;0
"12/10/2025";"07:49:00";"22";"Com vítima";"427,000";"BR-262/MG";"Crescente";"Queda de moto";0;0;0;0;1;0;0;0;0;0;0;0;1;0;0
"12/10/2025";"11:06:00";"38";"Sem vítima";"477,000";"BR-262/MG";"Decrescente";"Colisão traseira";0;0;0;1;0;0;0;0;0;0;3;0;0;0;0
"12/10/2025";"12:02:00";"47";"Sem vítima";"479,000";"BR-262/MG";"Crescente";"Colisão lateral no mesmo sentido";0;0;0;2;0;0;0;0;0;0;2;0;0;0;0
"12/10/2025";"16:35:00";"90";"Com vítima";"352,479";"BR-262/MG";"Decrescente";"Colisão lateral no mesmo sentido";0;0;0;1;1;0;0;0;0;0;1;2;0;0;0
"12/10/2025";"17:52:00";"100";"Com vítima";"577,000";"BR-262/MG";"Decrescente";"Saída de pista";0;0;0;1;0;0;0;0;0;0;0;3;2;0;0
"12/10/2025";"18:51:00";"110";"Com vítima";"436,000";"BR-262/MG";"Decrescente";"Acidentes de outra natureza";0;0;0;1;0;0;0;0;0;0;2;0;0;1;0
"12/10/2025";"18:51:00";"111";"Sem vítima";"414,000";"BR-262/MG";"Decrescente";"Capotamento";0;0;0;2;0;0;0;0;0;0;2;0;0;0;0
"13/10/2025";"09:54:00";"27";"Sem vítima";"544,000";"BR-262/MG";"Crescente";"Colisão traseira";0;0;0;1;0;0;0;0;0;0;1;0;0;0;0
"13/10/2025";"12:54:00";"52";"Sem vítima";"420,000";"BR-262/MG";"Crescente";"Saída de pista";0;0;0;1;0;0;0;0;0;0;1;0;0;0;0
"13/10/2025";"19:08:00";"84";"Sem vítima";"720,000";"BR-262/MG";"Crescente";"Saída de pista";0;0;0;1;0;0;0;0;0;0;1;0;0;0;0
"13/10/2025";"23:00:00";"23";"Sem vítima";"471,500";"BR-262/MG";"Crescente";"Colisão lateral no mesmo sentido";0;0;0;1;0;0;0;0;0;0;2;0;0;0;0
"14/10/2025";"07:44:00";"16";"Com vítima";"354,000";"BR-262/MG";"Decrescente";"Colisão traseira";0;0;0;1;1;0;0;0;0;0;1;1;0;0;0
"14/10/2025";"13:31:00";"49";"Sem vítima";"363,700";"BR-262/MG";"Crescente";"Choque";0;1;0;0;0;0;0;0;0;0;1;0;0;0;0
"14/10/2025";"15:01:00";"57";"Sem vítima";"475,000";"BR-262/MG";"Decrescente";"Colisão traseira";0;1;1;0;0;0;0;0;0;0;2;0;0;0;0
"14/10/2025";"15:40:00";"59";"Com vítima";"364,000";"BR-262/MG";"Crescente";"Capotamento";0;0;0;1;0;0;0;0;0;0;0;0;1;0;0
"14/10/2025";"16:52:00";"69";"Sem vítima";"519,000";"BR-262/MG";"Decrescente";"Colisão traseira";0;1;1;1;0;0;0;0;0;0;4;0;0;0;0
"15/10/2025";"01:29:00";"4";"Sem vítima";"660,000";"BR-262/MG";"Decrescente";"Tombamento";0;0;0;0;0;0;0;0;0;0;1;0;0;0;0
"15/10/2025";"15:24:00";"77";"Com vítima";"355,000";"BR-262/MG";"Decrescente";"Queda de moto";0;0;0;0;1;0;0;0;0;0;1;0;1;0;0
"15/10/2025";"16:03:00";"84";"Sem vítima";"623,000";"BR-262/MG";"Crescente";"Colisão lateral no mesmo sentido";0;0;0;1;0;0;0;0;0;0;2;0;0;0;0
"16/10/2025";"06:06:00";"10";"Sem vítima";"401,000";"BR-262/MG";"Decrescente";"Colisão lateral no mesmo sentido";0;0;0;1;0;1;0;0;0;0;2;0;0;0;0
"16/10/2025";"07:15:00";"16";"Com vítima";"353,400";"BR-262/MG";"Decrescente";"Queda de moto";0;0;0;0;1;0;0;0;0;0;0;1;0;0;0
"16/10/2025";"07:15:00";"17";"Com vítima";"594,000";"BR-262/MG";"Decrescente";"Colisão lateral no mesmo sentido";0;0;0;1;0;0;0;0;0;0;0;2;0;0;0
"16/10/2025";"09:32:00";"30";"Com vítima";"687,000";"BR-262/MG";"Decrescente";"Colisão frontal";0;0;0;2;0;0;0;0;0;0;1;0;2;0;0
"16/10/2025";"13:40:00";"50";"Sem vítima";"552,000";"BR-262/MG";"Crescente";"Colisão lateral no mesmo sentido";0;0;0;0;0;0;0;0;0;0;2;0;0;0;0
"16/10/2025";"14:51:00";"54";"Sem vítima";"576,000";"BR-262/MG";"Crescente";"Tombamento";0;0;0;0;0;0;0;0;0;0;1;0;0;0;0
"16/10/2025";"16:05:00";"62";"Sem vítima";"366,000";"BR-262/MG";"Crescente";"Colisão traseira";0;1;0;0;0;0;0;0;0;0;3;0;0;0;0
"16/10/2025";"19:37:00";"79";"Sem vítima";"369,000";"BR-262/MG";"Crescente";"Saída de pista";0;0;0;1;0;0;0;0;0;0;1;0;0;0;0
"16/10/2025";"21:54:00";"86";"Sem vítima";"359,000";"BR-262/MG";"Crescente";"Colisão lateral no mesmo sentido";0;0;0;1;0;0;0;0;0;0;2;0;0;0;0
"17/10/2025";"05:54:00";"8";"Sem vítima";"503,000";"BR-262/MG";"Crescente";"Saída de pista";0;1;0;0;0;0;0;0;0;0;1;0;0;0;0
"17/10/2025";"08:27:00";"19";"Sem vítima";"389,000";"BR-262/MG";"Crescente";"Colisão lateral no mesmo sentido";0;0;0;2;0;0;0;0;0;0;2;0;0;0;0
"17/10/2025";"12:02:00";"42";"Com vítima";"394,000";"BR-262/MG";"Crescente";"Colisão traseira";0;1;0;0;0;0;0;0;0;0;1;1;0;0;0
"17/10/2025";"13:21:00";"48";"Com vítima";"405,000";"BR-262/MG";"Decrescente";"Tombamento";0;0;0;0;0;0;0;0;0;0;0;1;0;0;0
"17/10/2025";"13:22:00";"49";"Sem vítima";"393,000";"BR-262/MG";"Decrescente";"Colisão lateral no mesmo sentido";0;0;0;2;0;0;0;0;0;0;3;0;0;0;0
"17/10/2025";"18:23:00";"75";"Sem vítima";"692,000";"BR-262/MG";"Decrescente";"Colisão traseira";0;0;0;1;0;1;0;0;0;0;1;0;0;0;0
"18/10/2025";"04:55:00";"12";"Com vítima";"481,000";"BR-262/MG";"Crescente";"Colisão frontal";0;0;0;0;1;0;0;0;0;0;1;0;0;0;1
"18/10/2025";"13:50:00";"46";"Sem vítima";"418,000";"BR-262/MG";"Crescente";"Queda de moto";0;0;0;0;1;0;0;0;0;0;2;0;0;0;0
"18/10/2025";"17:09:00";"56";"Sem vítima";"487,000";"BR-262/MG";"Decrescente";"Tombamento";0;0;0;0;0;0;0;0;0;0;1;0;0;0;0
"18/10/2025";"20:17:00";"62";"Sem vítima";"353,400";"BR-262/MG";"Decrescente";"Saída de pista";0;0;0;1;0;0;0;0;0;0;1;0;0;0;0
"19/10/2025";"00:00:00";"28";"Com vítima";"482,900";"BR-262/MG";"Crescente";"Queda de moto";0;0;0;0;1;0;0;0;0;0;0;0;2;0;0
"19/10/2025";"05:08:00";"10";"Sem vítima";"364,396";"BR-262/MG";"Crescente";"Saída de pista";0;0;0;1;0;0;0;0;0;0;1;0;0;0;0
"19/10/2025";"18:03:00";"75";"Sem vítima";"363,000";"BR-262/MG";"Crescente";"Colisão traseira";0;0;0;1;0;0;0;0;0;0;1;0;0;0;0
"19/10/2025";"19:35:00";"82";"Com vítima";"603,000";"BR-262/MG";"Crescente";"Tombamento";0;1;0;0;0;0;0;0;0;0;0;0;1;0;0
"19/10/2025";"20:58:00";"88";"Com vítima";"367,000";"BR-262/MG";"Crescente";"Colisão traseira";0;0;1;1;0;0;0;0;0;0;0;0;2;0;0
"21/10/2025";"10:24:00";"35";"Sem vítima";"449,000";"BR-262/MG";"Crescente";"Colisão traseira";0;0;0;1;0;1;0;0;0;0;1;0;0;0;0
"21/10/2025";"12:23:00";"44";"Sem vítima";"770,000";"BR-262/MG";"Crescente";"Colisão frontal";0;1;1;1;0;0;0;0;0;0;3;0;0;0;0
"21/10/2025";"13:18:00";"51";"Sem vítima";"652,000";"BR-262/MG";"Decrescente";"Saída de pista";0;0;0;1;0;0;0;0;0;0;1;0;0;0;0
"21/10/2025";"16:42:00";"72";"Com vítima";"751,000";"BR-262/MG";"Decrescente";"Colisão traseira";0;0;0;2;0;0;0;0;0;0;1;3;1;0;0
"21/10/2025";"18:34:00";"84";"Sem vítima";"443,432";"BR-262/MG";"Decrescente";"Colisão traseira";0;0;0;1;1;0;0;0;0;0;2;0;0;0;0
"22/10/2025";"02:08:00";"4";"Sem vítima";"441,000";"BR-262/MG";"Crescente";"Atropelamento de animal";0;1;0;0;0;0;0;0;0;0;2;0;0;0;0
"22/10/2025";"02:10:00";"5";"Sem vítima";"671,000";"BR-262/MG";"Decrescente";"Choque";0;0;0;1;0;1;0;0;0;0;1;0;0;0;0
"22/10/2025";"07:32:00";"21";"Sem vítima";"760,000";"BR-262/MG";"Crescente";"Colisão lateral no mesmo sentido";0;0;0;1;0;0;0;0;0;0;6;0;0;0;0
"22/10/2025";"07:42:00";"23";"Sem vítima";"439,000";"BR-262/MG";"Crescente";"Colisão traseira";0;0;0;1;0;1;0;0;0;0;1;0;0;0;0
"22/10/2025";"08:49:00";"85";"Sem vítima";"487,000";"BR-262/MG";"Decrescente";"Colisão lateral no mesmo sentido";0;1;0;1;0;0;0;0;0;0;2;0;0;0;0
"22/10/2025";"08:58:00";"30";"Sem vítima";"372,000";"BR-262/MG";"Decrescente";"Colisão traseira";0;0;0;1;0;0;0;0;0;0;2;0;0;0;0
"22/10/2025";"17:24:00";"95";"Sem vítima";"470,000";"BR-262/MG";"Decrescente";"Colisão lateral no mesmo sentido";0;0;0;2;0;0;0;0;0;0;3;0;0;0;0
"22/10/2025";"19:51:00";"107";"Com vítima";"747,000";"BR-262/MG";"Crescente";"Atropelamento de animal";0;0;0;1;0;0;0;0;0;0;0;1;0;0;0
"22/10/2025";"22:24:00";"110";"Com vítima";"786,000";"BR-262/MG";"Decrescente";"Colisão traseira";0;0;0;0;2;0;0;0;0;0;9;1;0;0;0
"23/10/2025";"06:08:00";"15";"Com vítima";"524,000";"BR-262/MG";"Decrescente";"Tombamento";0;0;0;0;0;0;0;0;0;0;0;0;1;0;0
"23/10/2025";"16:22:00";"83";"Sem vítima";"576,000";"BR-262/MG";"Decrescente";"Tombamento";0;0;0;0;0;0;0;0;0;0;2;0;0;0;0
"23/10/2025";"16:27:00";"84";"Com vítima";"356,479";"BR-262/MG";"Decrescente";"Capotamento";0;0;0;1;0;0;0;0;0;0;0;1;0;0;0
"23/10/2025";"16:47:00";"86";"Com vítima";"425,000";"BR-262/MG";"Decrescente";"Colisão lateral no mesmo sentido";0;0;0;1;1;0;0;0;0;0;1;1;0;0;0
"23/10/2025";"18:21:00";"95";"Com vítima";"431,000";"BR-262/MG";"Decrescente";"Queda de moto";0;0;0;0;1;0;0;0;0;0;0;0;1;0;0
"23/10/2025";"18:27:00";"96";"Sem vítima";"356,000";"BR-262/MG";"Decrescente";"Colisão frontal";0;0;0;1;0;1;0;0;0;0;1;0;0;0;0
"24/10/2025";"05:16:00";"5";"Sem vítima";"352,000";"BR-262/MG";"Decrescente";"Capotamento";0;0;0;1;0;0;0;0;0;0;1;0;0;0;0
"24/10/2025";"08:26:00";"24";"Sem vítima";"388,000";"BR-262/MG";"Decrescente";"Saída de pista";0;0;0;0;1;0;0;0;0;0;1;0;0;0;0
"24/10/2025";"09:31:00";"32";"Sem vítima";"353,400";"BR-262/MG";"Decrescente";"Colisão lateral no mesmo sentido";0;1;0;1;0;0;0;0;0;0;1;0;0;0;0
"24/10/2025";"19:08:00";"88";"Com vítima";"746,500";"BR-262/MG";"Decrescente";"Saída de pista";0;0;0;1;0;0;0;0;0;0;0;1;0;0;0
"24/10/2025";"19:27:00";"89";"Sem vítima";"700,000";"BR-262/MG";"Decrescente";"Colisão lateral no mesmo sentido";0;1;0;0;0;1;0;0;0;0;0;0;0;0;0
"24/10/2025";"22:58:00";"96";"Sem vítima";"457,000";"BR-262/MG";"Decrescente";"Colisão traseira";0;0;0;2;0;0;0;0;0;0;4;0;0;0;0
"25/10/2025";"00:00:00";"102";"Sem vítima";"401,000";"BR-262/MG";"Decrescente";"Saída de pista";0;0;0;1;0;0;0;0;0;0;2;0;0;0;0
"25/10/2025";"04:30:00";"7";"Com vítima";"466,000";"BR-262/MG";"Crescente";"Colisão frontal";0;0;0;1;0;0;0;0;0;0;0;0;0;0;1
"25/10/2025";"08:37:00";"30";"Com vítima";"395,000";"BR-262/MG";"Decrescente";"Colisão lateral no mesmo sentido";0;0;0;1;1;0;0;0;0;0;1;0;1;0;0
"25/10/2025";"08:52:00";"33";"Sem vítima";"591,000";"BR-262/MG";"Crescente";"Capotamento";0;0;0;1;0;0;0;0;0;0;1;0;0;0;0
"25/10/2025";"13:18:00";"60";"Com vítima";"457,000";"BR-262/MG";"Decrescente";"Colisão lateral no mesmo sentido";0;0;0;1;1;0;0;0;0;0;0;1;0;1;0
"25/10/2025";"14:25:00";"67";"Com vítima";"538,000";"BR-262/MG";"Decrescente";"Tombamento";0;0;0;0;0;0;0;0;0;0;0;0;0;0;0
"25/10/2025";"16:27:00";"79";"Sem vítima";"404,000";"BR-262/MG";"Decrescente";"Capotamento";0;0;0;1;0;0;0;0;0;0;1;0;0;0;0
"25/10/2025";"19:31:00";"90";"Sem vítima";"555,000";"BR-262/MG";"Decrescente";"Tombamento";0;0;0;0;0;0;0;0;0;0;0;0;0;0;0
"26/10/2025";"07:02:00";"13";"Com vítima";"740,000";"BR-262/MG";"Decrescente";"Colisão lateral no mesmo sentido";0;1;0;1;0;0;0;0;0;0;0;0;1;0;0
"26/10/2025";"14:09:00";"48";"Com vítima";"437,000";"BR-262/MG";"Crescente";"Queda de moto";0;0;0;0;1;0;0;0;0;0;0;1;0;1;0
"26/10/2025";"19:49:00";"83";"Com vítima";"427,000";"BR-262/MG";"Decrescente";"Capotamento";0;0;0;1;0;0;0;0;0;0;0;0;1;0;0
"27/10/2025";"00:13:00";"1";"Sem vítima";"464,000";"BR-262/MG";"Crescente";"Tombamento";0;0;0;0;0;0;0;0;0;0;0;0;0;0;0
"27/10/2025";"04:22:00";"14";"Sem vítima";"724,100";"BR-262/MG";"Crescente";"Colisão frontal";0;1;0;0;0;0;0;0;0;0;0;0;0;0;0
"27/10/2025";"04:43:00";"16";"Com vítima";"422,500";"BR-262/MG";"Decrescente";"Capotamento";0;0;0;1;0;0;0;0;0;0;0;4;0;0;0
"27/10/2025";"08:14:00";"25";"Sem vítima";"661,800";"BR-262/MG";"Decrescente";"Colisão lateral no mesmo sentido";0;0;0;1;0;0;0;0;0;0;1;0;0;0;0
"27/10/2025";"09:35:00";"32";"Sem vítima";"619,000";"BR-262/MG";"Decrescente";"Saída de pista";0;0;0;1;0;0;0;0;0;0;2;0;0;0;0
"27/10/2025";"12:38:00";"48";"Sem vítima";"577,000";"BR-262/MG";"Decrescente";"Tombamento";0;1;0;0;0;0;0;0;0;0;0;0;0;0;0
"27/10/2025";"18:48:00";"91";"Sem vítima";"678,000";"BR-262/MG";"Crescente";"Colisão traseira";0;0;0;0;0;0;0;0;0;0;0;0;0;0;0
"28/10/2025";"00:03:00";"1";"Sem vítima";"461,000";"BR-262/MG";"Decrescente";"Atropelamento de animal";0;0;0;0;0;1;0;0;0;0;0;0;0;0;0
"28/10/2025";"06:12:00";"7";"Com vítima";"423,900";"BR-262/MG";"Decrescente";"Choque";0;0;0;1;0;0;0;0;0;0;0;1;0;0;0
"28/10/2025";"07:51:00";"18";"Com vítima";"426,000";"BR-262/MG";"Decrescente";"Queda de moto";0;0;0;0;1;0;0;0;0;0;0;0;1;0;0
"28/10/2025";"10:13:00";"31";"Sem vítima";"360,300";"BR-262/MG";"Decrescente";"Colisão lateral no mesmo sentido";0;1;0;1;0;0;0;0;0;0;1;0;0;0;0
"28/10/2025";"11:06:00";"38";"Sem vítima";"348,000";"BR-262/MG";"Decrescente";"Colisão traseira";0;0;0;2;0;0;0;0;0;0;2;0;0;0;0
"28/10/2025";"16:22:00";"62";"Com vítima";"437,000";"BR-262/MG";"Decrescente";"Colisão lateral no mesmo sentido";0;0;0;1;1;0;0;0;0;0;1;0;0;1;0
"28/10/2025";"21:37:00";"82";"Sem vítima";"380,000";"BR-262/MG";"Decrescente";"Colisão traseira";0;0;0;0;1;0;0;0;0;0;1;0;0;0;0
"29/10/2025";"22:41:00";"130";"Sem vítima";"629,000";"BR-262/MG";"Crescente";"Saída de pista";0;0;0;1;0;0;0;0;0;0;3;0;0;0;0
"30/10/2025";"04:05:00";"12";"Com vítima";"454,000";"BR-262/MG";"Crescente";"Atropelamento de pedestre";0;0;1;0;0;0;0;0;0;0;1;0;0;0;1
"30/10/2025";"12:13:00";"63";"Sem vítima";"720,000";"BR-262/MG";"Decrescente";"Colisão lateral no mesmo sentido";0;0;0;0;0;0;0;0;0;0;0;0;0;0;0
"30/10/2025";"13:50:00";"68";"Sem vítima";"362,000";"BR-262/MG";"Decrescente";"Colisão traseira";0;1;0;1;0;0;0;0;0;0;4;0;0;0;0
"30/10/2025";"16:28:00";"82";"Sem vítima";"398,000";"BR-262/MG";"Decrescente";"Saída de pista";0;0;0;1;0;0;0;0;0;0;2;0;0;0;0
"30/10/2025";"17:47:00";"85";"Sem vítima";"383,000";"BR-262/MG";"Decrescente";"Colisão lateral no mesmo sentido";0;0;0;1;0;1;0;0;0;0;1;0;0;0;0
"30/10/2025";"19:04:00";"89";"Sem vítima";"409,000";"BR-262/MG";"Decrescente";"Saída de pista";0;0;0;1;0;0;0;0;0;0;3;0;0;0;0
"30/10/2025";"21:27:00";"104";"Sem vítima";"712,000";"BR-262/MG";"Decrescente";"Saída de pista";0;0;0;0;0;0;0;0;0;0;0;0;0;0;0
"31/10/2025";"07:40:00";"18";"Com vítima";"351,000";"BR-262/MG";"Crescente";"Colisão traseira";0;0;0;0;1;0;0;0;0;0;0;0;0;1;0
"31/10/2025";"09:35:00";"33";"Com vítima";"377,000";"BR-262/MG";"Decrescente";"Capotamento";0;0;0;1;0;0;0;0;0;0;0;1;0;0;0
"31/10/2025";"19:46:00";"88";"Com vítima";"437,000";"BR-262/MG";"Decrescente";"Acidentes de outra natureza";0;0;0;1;0;0;0;0;0;0;2;0;0;0;1
"01/11/2025";"00:39:00";"1";"Sem vítima";"678,000";"BR-262/MG";"Crescente";"Saída de pista";0;0;0;1;0;0;0;0;0;0;2;0;0;0;0
"01/11/2025";"03:20:00";"2";"Com vítima";"348,000";"BR-262/MG";"Decrescente";"Colisão traseira";0;1;1;1;0;0;0;0;0;0;1;1;0;0;0
"01/11/2025";"07:10:00";"13";"Sem vítima";"437,000";"BR-262/MG";"Crescente";"Capotamento";0;0;0;1;0;0;0;0;0;0;1;0;0;0;0
"01/11/2025";"07:13:00";"14";"Com vítima";"785,000";"BR-262/MG";"Crescente";"Queda de moto";0;0;0;0;1;0;0;0;0;0;0;1;0;0;0
"01/11/2025";"08:51:00";"20";"Com vítima";"678,000";"BR-262/MG";"Crescente";"Colisão lateral no mesmo sentido";0;0;0;1;1;0;0;0;0;0;1;2;0;0;0
"01/11/2025";"11:51:00";"43";"Com vítima";"409,000";"BR-262/MG";"Decrescente";"Capotamento";0;0;0;1;0;0;0;0;0;0;0;0;0;0;1
"01/11/2025";"11:56:00";"44";"Sem vítima";"754,000";"BR-262/MG";"Crescente";"Colisão traseira";0;0;0;1;0;0;0;0;0;0;4;0;0;0;0
"01/11/2025";"20:58:00";"82";"Sem vítima";"441,000";"BR-262/MG";"Decrescente";"Colisão traseira";0;1;0;1;0;0;0;0;0;0;0;0;0;0;0
"01/11/2025";"22:24:00";"84";"Sem vítima";"786,000";"BR-262/MG";"Crescente";"Atropelamento de animal";0;0;0;1;0;0;0;0;0;0;3;0;0;0;0
"01/11/2025";"23:03:00";"86";"Com vítima";"398,000";"BR-262/MG";"Decrescente";"Saída de pista";0;0;0;1;0;0;0;0;0;0;0;0;0;0;1
"02/11/2025";"00:00:00";"3";"Sem vítima";"355,000";"BR-262/MG";"Decrescente";"Capotamento";0;0;0;1;0;0;0;0;0;0;1;0;0;0;0
"02/11/2025";"01:19:00";"2";"Sem vítima";"777,000";"BR-262/MG";"Crescente";"Colisão lateral no mesmo sentido";0;0;0;1;0;0;0;0;0;0;3;0;0;0;0
"02/11/2025";"09:10:00";"25";"Com vítima";"376,000";"BR-262/MG";"Decrescente";"Colisão traseira";0;1;0;0;1;0;0;0;0;0;0;0;0;1;0
"02/11/2025";"10:49:00";"36";"Com vítima";"376,000";"BR-262/MG";"Decrescente";"Queda de moto";0;0;0;0;1;0;0;0;0;0;0;1;0;0;0
"02/11/2025";"13:07:00";"51";"Com vítima";"418,000";"BR-262/MG";"Decrescente";"Capotamento";0;0;0;1;0;0;0;0;0;0;0;0;1;1;0
"02/11/2025";"14:20:00";"58";"Sem vítima";"452,500";"BR-262/MG";"Crescente";"Colisão lateral no mesmo sentido";0;0;0;1;0;1;0;0;0;0;1;0;0;0;0
"02/11/2025";"21:48:00";"91";"Sem vítima";"432,000";"BR-262/MG";"Decrescente";"Capotamento";0;0;0;1;0;0;0;0;0;0;1;0;0;0;0
"02/11/2025";"22:45:00";"92";"Sem vítima";"380,000";"BR-262/MG";"Decrescente";"Capotamento";0;0;0;1;0;0;0;0;0;0;4;0;0;0;0
"02/11/2025";"23:01:00";"96";"Sem vítima";"780,000";"BR-262/MG";"Decrescente";"Atropelamento de animal";1;0;0;0;0;0;0;0;0;0;1;0;0;0;0
"03/11/2025";"06:47:00";"13";"Sem vítima";"592,000";"BR-262/MG";"Crescente";"Colisão lateral no mesmo sentido";0;0;0;1;0;0;0;0;0;0;3;0;0;0;0
"03/11/2025";"20:30:00";"96";"Com vítima";"357,000";"BR-262/MG";"Decrescente";"Colisão traseira";0;0;0;0;0;0;0;0;0;0;0;0;0;0;0
"04/11/2025";"01:58:00";"10";"Sem vítima";"538,000";"BR-262/MG";"Decrescente";"Tombamento";0;1;0;0;0;0;0;0;0;0;0;0;0;0;0
"04/11/2025";"10:28:00";"65";"Com vítima";"500,000";"BR-262/MG";"Decrescente";"Saída de pista";0;0;0;1;0;0;0;0;0;0;0;1;1;0;0
"04/11/2025";"14:50:00";"90";"Sem vítima";"611,000";"BR-262/MG";"Crescente";"Colisão lateral no mesmo sentido";0;0;0;0;0;0;0;0;0;0;0;0;0;0;0
"05/11/2025";"00:00:00";"50";"Sem vítima";"363,000";"BR-262/MG";"Decrescente";"Colisão traseira";0;1;0;1;0;0;0;0;0;0;0;0;0;0;0
"05/11/2025";"05:57:00";"9";"Sem vítima";"380,000";"BR-262/MG";"Decrescente";"Capotamento";0;0;0;1;0;0;0;0;0;0;2;0;0;0;0
"05/11/2025";"12:46:00";"65";"Sem vítima";"665,000";"BR-262/MG";"Decrescente";"Colisão lateral no mesmo sentido";0;0;0;1;0;1;0;0;0;0;3;0;0;0;0
"05/11/2025";"16:29:00";"101";"Com vítima";"443,000";"BR-262/MG";"Decrescente";"Colisão lateral no mesmo sentido";0;0;0;1;0;0;0;0;0;0;0;0;1;0;0
"06/11/2025";"00:00:00";"92";"Sem vítima";"679,000";"BR-262/MG";"Decrescente";"Colisão lateral no mesmo sentido";0;0;0;1;0;0;0;0;0;0;1;0;0;0;0
"06/11/2025";"00:00:00";"146";"Com vítima";"625,000";"BR-262/MG";"Crescente";"Colisão traseira";0;0;0;1;0;1;0;0;0;0;0;2;0;0;0
"06/11/2025";"19:28:00";"148";"Sem vítima";"418,000";"BR-262/MG";"Decrescente";"Atropelamento de animal";0;0;0;0;0;0;0;0;0;0;0;0;0;0;0
"06/11/2025";"19:35:00";"149";"Com vítima";"558,000";"BR-262/MG";"Decrescente";"Saída de pista";0;0;0;1;0;0;0;0;0;0;0;0;1;0;0
"07/11/2025";"07:54:00";"27";"Com vítima";"361,800";"BR-262/MG";"Decrescente";"Queda de moto";0;0;0;0;1;0;0;0;0;0;0;0;1;0;0
"07/11/2025";"11:56:00";"58";"Sem vítima";"432,000";"BR-262/MG";"Decrescente";"Capotamento";0;0;0;1;0;0;0;0;0;0;1;0;0;0;0
"07/11/2025";"18:28:00";"101";"Sem vítima";"364,000";"BR-262/MG";"Decrescente";"Colisão traseira";0;0;0;1;1;0;0;0;0;0;3;0;0;0;0
"07/11/2025";"20:08:00";"115";"Sem vítima";"392,000";"BR-262/MG";"Decrescente";"Saída de pista";0;1;0;0;0;0;0;0;0;0;0;0;0;0;0
"08/11/2025";"04:10:00";"19";"Com vítima";"595,000";"BR-262/MG";"Decrescente";"Tombamento";0;1;0;0;0;0;0;0;0;0;0;0;0;0;0
"08/11/2025";"07:51:00";"31";"Sem vítima";"354,000";"BR-262/MG";"Decrescente";"Saída de pista";0;0;0;1;0;0;0;0;0;0;1;0;0;0;0
"08/11/2025";"08:25:00";"34";"Com vítima";"543,000";"BR-262/MG";"Decrescente";"Tombamento";0;0;0;0;0;0;0;0;0;0;0;0;0;0;0
"08/11/2025";"13:24:00";"67";"Com vítima";"410,000";"BR-262/MG";"Decrescente";"Queda de moto";0;0;0;0;1;0;0;0;0;0;0;1;1;0;0