data;horario;n_da_ocorrencia;tipo_de_ocorrencia;km;trecho;sentido;tipo_de_acidente;automovel;bicicleta;caminhao;moto;onibus;outros;tracao_animal;transporte_de_cargas_especiais;trator_maquinas;utilitarios;ilesos;levemente_feridos;moderadamente_feridos;gravemente_feridos;mortos
"08/11/2025";"16:52:00";"89";"Sem vítima";"383,000";"BR-262/MG";"Decrescente";"Saída de pista";0;0;0;1;0;0;0;0;0;0;1;0;0;0;0
"08/11/2025";"20:50:00";"112";"Sem vítima";"378,800";"BR-262/MG";"Decrescente";"Saída de pista";0;0;0;1;0;0;0;0;0;0;2;0;0;0;0
"08/11/2025";"22:57:00";"120";"Sem vítima";"461,000";"BR-262/MG";"Crescente";"Atropelamento de animal";0;0;0;1;0;0;0;0;0;0;2;0;0;0;0
"09/11/2025";"03:54:00";"3";"Sem vítima";"406,000";"BR-262/MG";"Decrescente";"Saída de pista";0;0;0;1;0;0;0;0;0;0;0;0;0;0;0
"09/11/2025";"06:53:00";"7";"Sem vítima";"378,000";"BR-262/MG";"Decrescente";"Saída de pista";0;0;0;1;0;0;0;0;0;0;1;0;0;0;0
"09/11/2025";"08:56:00";"26";"Sem vítima";"679,300";"BR-262/MG";"Crescente";"Saída de pista";0;1;0;0;0;0;0;0;0;0;0;0;0;0;0
"09/11/2025";"10:25:00";"43";"Sem vítima";"746,000";"BR-262/MG";"Crescente";"Capotamento";0;0;0;1;0;0;0;0;0;0;2;0;0;0;0
"09/11/2025";"11:01:00";"44";"Com vítima";"380,400";"BR-262/MG";"Decrescente";"Saída de pista";0;0;0;1;0;0;0;0;0;0;0;1;0;0;0
"09/11/2025";"14:46:00";"67";"Com vítima";"404,100";"BR-262/MG";"Decrescente";"Queda de moto";0;0;0;0;1;0;0;0;0;0;0;1;0;0;0
"09/11/2025";"15:23:00";"71";"Sem vítima";"470,100";"BR-262/MG";"Crescente";"Colisão traseira";0;0;0;1;0;0;0;0;0;0;4;0;0;0;0
"09/11/2025";"18:12:00";"87";"Sem vítima";"403,000";"BR-262/MG";"Decrescente";"Capotamento";0;0;0;1;0;0;0;0;0;0;1;0;0;0;0
"10/11/2025";"07:34:00";"8";"Com vítima";"357,034";"BR-262/MG";"Decrescente";"Atropelamento de animal";0;0;0;1;0;0;0;0;0;0;0;1;0;0;0
"10/11/2025";"08:01:00";"18";"Com vítima";"365,000";"BR-262/MG";"Decrescente";"Queda de moto";0;0;0;0;1;1;0;0;0;0;0;0;1;0;0
"10/11/2025";"08:31:00";"21";"Sem vítima";"607,216";"BR-262/MG";"Crescente";"Saída de pista";0;1;0;0;0;0;0;0;0;0;0;0;0;0;0
"11/11/2025";"00:19:00";"2";"Sem vítima";"443,300";"BR-262/MG";"Decrescente";"Colisão traseira";0;0;0;2;0;0;0;0;0;0;2;0;0;0;0
"11/11/2025";"07:02:00";"12";"Sem vítima";"475,200";"BR-262/MG";"Crescente";"Engavetamento";0;0;0;1;2;0;0;0;0;0;11;0;0;0;0
"11/11/2025";"13:40:00";"59";"Sem vítima";"658,000";"BR-262/MG";"Decrescente";"Saída de pista";0;1;0;0;0;0;0;0;0;0;0;0;0;0;0
"11/11/2025";"13:48:00";"60";"Sem vítima";"477,000";"BR-262/MG";"Decrescente";"Colisão traseira";0;0;0;0;0;0;0;0;0;0;0;0;0;0;0
"11/11/2025";"16:16:00";"77";"Sem vítima";"591,500";"BR-262/MG";"Decrescente";"Colisão lateral no mesmo sentido";0;0;0;0;0;0;0;0;0;0;0;0;0;0;0
"12/11/2025";"12:22:00";"53";"Sem vítima";"351,900";"BR-262/MG";"Crescente";"Colisão lateral no mesmo sentido";0;1;0;1;0;0;0;0;0;0;1;0;0;0;0
"13/11/2025";"10:04:00";"45";"Com vítima";"353,000";"BR-262/MG";"Decrescente";"Colisão lateral no mesmo sentido";0;0;0;1;0;1;0;0;0;0;2;0;1;0;0
"13/11/2025";"15:14:00";"85";"Com vítima";"786,000";"BR-262/MG";"Decrescente";"Colisão traseira";0;0;0;2;0;0;0;0;0;0;1;1;0;0;0
"14/11/2025";"05:04:00";"8";"Sem vítima";"439,700";"BR-262/MG";"Crescente";"Atropelamento de animal";0;0;1;0;0;0;0;0;0;0;1;0;0;0;0
"14/11/2025";"12:48:00";"66";"Com vítima";"410,500";"BR-262/MG";"Decrescente";"Capotamento";0;0;0;1;0;0;0;0;0;0;0;1;0;0;0
"14/11/2025";"19:29:00";"102";"Com vítima";"417,300";"BR-262/MG";"Decrescente";"Colisão lateral no mesmo sentido";0;0;0;1;0;0;0;0;0;0;0;1;2;0;0
"14/11/2025";"22:18:00";"120";"Com vítima";"723,000";"BR-262/MG";"Decrescente";"Colisão traseira";0;0;0;2;1;0;0;0;0;0;5;1;2;0;0
"15/11/2025";"00:31:00";"1";"Sem vítima";"381,000";"BR-262/MG";"Decrescente";"Saída de pista";0;0;0;1;0;0;0;0;0;0;1;0;0;0;0
"15/11/2025";"12:33:00";"57";"Com vítima";"476,000";"BR-262/MG";"Decrescente";"Saída de pista";0;0;0;1;0;0;0;0;0;0;3;1;0;0;0
"15/11/2025";"14:33:00";"67";"Com vítima";"663,000";"BR-262/MG";"Decrescente";"Atropelamento de animal";0;0;0;1;0;0;0;0;0;0;0;2;0;0;0
"15/11/2025";"18:44:00";"82";"Sem vítima";"435,000";"BR-262/MG";"Decrescente";"Saída de pista";0;0;0;1;0;0;0;0;0;0;1;0;0;0;0
"15/11/2025";"21:47:00";"90";"Sem vítima";"435,300";"BR-262/MG";"Decrescente";"Saída de pista";0;0;0;1;0;0;0;0;0;0;1;0;0;0;0
"15/11/2025";"22:10:00";"92";"Sem vítima";"380,200";"BR-262/MG";"Decrescente";"Tombamento";0;0;0;1;0;0;0;0;0;0;2;0;0;0;0
"16/11/2025";"00:00:00";"97";"Sem vítima";"380,400";"BR-262/MG";"Decrescente";"Saída de pista";0;0;0;1;0;0;0;0;0;0;1;0;0;0;0
"16/11/2025";"01:11:00";"3";"Sem vítima";"384,500";"BR-262/MG";"Decrescente";"Saída de pista";0;0;0;1;0;0;0;0;0;0;1;0;0;0;0
"16/11/2025";"02:11:00";"4";"Sem vítima";"378,000";"BR-262/MG";"Decrescente";"Atropelamento de animal";0;0;0;1;0;0;0;0;0;0;2;0;0;0;0
"16/11/2025";"07:13:00";"12";"Sem vítima";"348,000";"BR-262/MG";"Decrescente";"Choque";0;0;0;1;0;0;0;0;0;0;1;0;0;0;0
"16/11/2025";"09:20:00";"27";"Sem vítima";"388,000";"BR-262/MG";"Decrescente";"Saída de pista";0;0;0;1;0;0;0;0;0;0;1;0;0;0;0
"16/11/2025";"10:23:00";"24";"Com vítima";"379,800";"BR-262/MG";"Decrescente";"Queda de moto";0;0;0;0;1;0;0;0;0;0;0;0;1;0;0
"16/11/2025";"15:21:00";"59";"Sem vítima";"573,000";"BR-262/MG";"Decrescente";"Saída de pista";0;0;0;0;0;0;0;0;0;0;0;0;0;0;0
"16/11/2025";"20:38:00";"90";"Sem vítima";"438,000";"BR-262/MG";"Decrescente";"Saída de pista";0;0;0;1;0;0;0;0;0;0;1;0;0;0;0
"16/11/2025";"21:16:00";"93";"Sem vítima";"432,000";"BR-262/MG";"Decrescente";"Saída de pista";0;0;0;1;0;0;0;0;0;0;1;0;0;0;0
"16/11/2025";"21:23:00";"94";"Com vítima";"348,000";"BR-262/MG";"Crescente";"Saída de pista";0;0;0;1;0;0;0;0;0;0;0;2;0;0;0
"17/11/2025";"05:11:00";"5";"Com vítima";"381,400";"BR-262/MG";"Decrescente";"Saída de pista";0;0;0;1;0;0;0;0;0;0;0;0;1;0;0
"17/11/2025";"05:30:00";"7";"Sem vítima";"363,600";"BR-262/MG";"Decrescente";"Saída de pista";0;0;0;1;0;0;0;0;0;0;1;0;0;0;0
"17/11/2025";"05:50:00";"10";"Sem vítima";"380,400";"BR-262/MG";"Decrescente";"Saída de pista";0;0;0;1;0;0;0;0;0;0;2;0;0;0;0
"17/11/2025";"06:42:00";"12";"Com vítima";"380,000";"BR-262/MG";"Decrescente";"Capotamento";0;0;0;1;0;0;0;0;0;0;0;0;1;1;0
"17/11/2025";"07:19:00";"13";"Sem vítima";"679,000";"BR-262/MG";"Decrescente";"Colisão traseira";0;1;0;0;0;0;0;0;0;0;0;0;0;0;0
"17/11/2025";"08:55:00";"27";"Sem vítima";"360,000";"BR-262/MG";"Decrescente";"Saída de pista";0;0;0;1;0;0;0;0;0;0;1;0;0;0;0
"17/11/2025";"09:47:00";"31";"Sem vítima";"380,000";"BR-262/MG";"Decrescente";"Saída de pista";0;0;0;1;0;0;0;0;0;0;4;0;0;0;0
"17/11/2025";"10:22:00";"33";"Sem vítima";"382,000";"BR-262/MG";"Decrescente";"Saída de pista";0;0;0;1;0;0;0;0;0;0;2;0;0;0;0
"17/11/2025";"13:46:00";"51";"Sem vítima";"363,000";"BR-262/MG";"Decrescente";"Colisão traseira";0;0;0;2;0;0;0;0;0;0;2;0;0;0;0
"17/11/2025";"14:44:00";"56";"Sem vítima";"381,000";"BR-262/MG";"Decrescente";"Saída de pista";0;0;0;1;0;0;0;0;0;0;0;0;0;0;0
"17/11/2025";"15:05:00";"65";"Sem vítima";"353,000";"BR-262/MG";"Crescente";"Colisão traseira";0;0;0;1;0;0;0;0;0;0;2;0;0;0;0
"17/11/2025";"21:15:00";"87";"Sem vítima";"786,000";"BR-262/MG";"Crescente";"Colisão traseira";0;0;0;1;0;0;0;0;0;0;2;0;0;0;0
"18/11/2025";"00:00:00";"4";"Sem vítima";"358,000";"BR-262/MG";"Decrescente";"Atropelamento de animal";0;0;0;0;0;0;0;0;0;0;0;0;0;0;0
"18/11/2025";"08:41:00";"28";"Com vítima";"786,350";"BR-262/MG";"Crescente";"Queda de moto";0;0;0;0;1;0;0;0;0;0;0;0;0;1;0
"18/11/2025";"12:07:00";"56";"Com vítima";"573,000";"BR-262/MG";"Crescente";"Queda de moto";0;0;0;0;1;0;0;0;0;0;0;0;1;0;0
"18/11/2025";"12:08:00";"58";"Sem vítima";"674,000";"BR-262/MG";"Decrescente";"Colisão lateral no mesmo sentido";0;0;0;0;0;0;0;0;0;0;0;0;0;0;0
"18/11/2025";"15:41:00";"76";"Com vítima";"673,000";"BR-262/MG";"Decrescente";"Colisão lateral no mesmo sentido";0;0;0;0;0;0;0;0;0;0;0;0;0;0;0
"18/11/2025";"22:34:00";"113";"Com vítima";"411,000";"BR-262/MG";"Decrescente";"Choque";0;1;0;0;0;0;0;0;0;0;0;0;0;0;0
"19/11/2025";"15:32:00";"78";"Sem vítima";"549,000";"BR-262/MG";"Decrescente";"Colisão lateral no mesmo sentido";0;0;1;1;0;0;0;0;0;0;21;0;0;0;0
"19/11/2025";"20:08:00";"97";"Sem vítima";"353,000";"BR-262/MG";"Crescente";"Saída de pista";0;0;0;2;0;0;0;0;0;0;2;0;0;0;0
"20/11/2025";"00:14:00";"1";"Sem vítima";"400,000";"BR-262/MG";"Crescente";"Atropelamento de animal";1;0;0;0;0;0;0;0;0;0;4;0;0;0;0
"20/11/2025";"06:54:00";"13";"Com vítima";"363,500";"BR-262/MG";"Decrescente";"Colisão traseira";0;0;0;1;0;0;0;0;0;0;2;0;1;0;0
"20/11/2025";"09:00:00";"30";"Sem vítima";"543,000";"BR-262/MG";"Crescente";"Tombamento";0;1;0;0;0;0;0;0;0;0;0;0;0;0;0
"20/11/2025";"20:32:00";"111";"Com vítima";"436,000";"BR-262/MG";"Decrescente";"Colisão traseira";0;0;0;1;1;0;0;0;0;0;2;0;0;1;0
"20/11/2025";"23:25:00";"118";"Sem vítima";"359,000";"BR-262/MG";"Decrescente";"Colisão traseira";0;1;0;1;0;0;0;0;0;0;1;0;0;0;0
"21/11/2025";"14:26:00";"72";"Sem vítima";"391,300";"BR-262/MG";"Decrescente";"Colisão traseira";0;1;0;1;0;0;0;0;0;0;1;0;0;0;0
"21/11/2025";"19:29:00";"104";"Sem vítima";"348,000";"BR-262/MG";"Decrescente";"Colisão traseira";0;0;0;1;0;0;0;0;0;0;1;0;0;0;0
"21/11/2025";"21:34:00";"109";"Sem vítima";"421,000";"BR-262/MG";"Decrescente";"Atropelamento de animal";1;0;0;0;0;0;0;0;0;0;4;0;0;0;0
"22/11/2025";"01:04:00";"2";"Sem vítima";"592,900";"BR-262/MG";"Crescente";"Saída de pista";0;0;0;1;0;0;0;0;0;0;1;0;0;0;0
"22/11/2025";"01:11:00";"3";"Com vítima";"435,300";"BR-262/MG";"Decrescente";"Saída de pista";0;0;0;1;0;0;0;0;0;0;0;0;1;0;0
"22/11/2025";"05:00:00";"6";"Sem vítima";"405,000";"BR-262/MG";"Decrescente";"Saída de pista";0;1;0;0;0;0;0;0;0;0;0;0;0;0;0
"22/11/2025";"15:37:00";"51";"Sem vítima";"564,900";"BR-262/MG";"Decrescente";"Capotamento";0;0;0;1;0;0;0;0;0;0;1;0;0;0;0
"22/11/2025";"17:29:00";"66";"Com vítima";"435,000";"BR-262/MG";"Decrescente";"Colisão lateral no mesmo sentido";0;0;0;2;0;0;0;0;0;0;3;3;0;0;0
"22/11/2025";"20:51:00";"87";"Com vítima";"783,000";"BR-262/MG";"Decrescente";"Queda de moto";0;0;0;0;1;0;0;0;0;0;0;1;0;0;0
"23/11/2025";"06:35:00";"13";"Sem vítima";"383,000";"BR-262/MG";"Decrescente";"Tombamento";0;0;0;1;0;0;0;0;0;0;2;0;0;0;0
"23/11/2025";"07:28:00";"15";"Com vítima";"559,000";"BR-262/MG";"Crescente";"Tombamento";0;0;0;0;0;0;0;0;0;0;0;0;0;0;0
"23/11/2025";"08:12:00";"18";"Com vítima";"582,000";"BR-262/MG";"Decrescente";"Tombamento";0;0;0;0;0;0;0;0;0;0;0;0;0;0;0
"23/11/2025";"09:19:00";"22";"Com vítima";"379,800";"BR-262/MG";"Decrescente";"Queda de moto";0;0;0;0;2;0;0;0;0;0;1;0;1;0;0
"23/11/2025";"12:30:00";"36";"Sem vítima";"357,000";"BR-262/MG";"Decrescente";"Choque";0;0;0;1;0;0;0;0;0;0;1;0;0;0;0
"23/11/2025";"13:33:00";"40";"Sem vítima";"361,000";"BR-262/MG";"Decrescente";"Colisão traseira";0;0;0;2;0;0;0;0;0;0;2;0;0;0;0
"23/11/2025";"14:07:00";"42";"Sem vítima";"394,000";"BR-262/MG";"Decrescente";"Saída de pista";0;0;0;1;0;0;0;0;0;0;3;0;0;0;0
"23/11/2025";"14:22:00";"39";"Sem vítima";"620,000";"BR-262/MG";"Decrescente";"Colisão traseira";0;0;0;2;0;0;0;0;0;0;5;0;0;0;0
"23/11/2025";"14:42:00";"44";"Sem vítima";"395,000";"BR-262/MG";"Decrescente";"Saída de pista";0;0;0;1;0;0;0;0;0;0;4;0;0;0;0
"23/11/2025";"16:20:00";"49";"Sem vítima";"382,000";"BR-262/MG";"Decrescente";"Saída de pista";0;0;0;1;0;0;0;0;0;0;1;0;0;0;0
"23/11/2025";"17:18:00";"58";"Sem vítima";"383,800";"BR-262/MG";"Decrescente";"Saída de pista";0;0;0;1;0;0;0;0;0;0;3;0;0;0;0
"23/11/2025";"17:20:00";"59";"Com vítima";"364,000";"BR-262/MG";"Decrescente";"Choque";0;0;0;1;0;0;0;0;0;0;0;0;1;1;0
"23/11/2025";"21:03:00";"80";"Com vítima";"419,200";"BR-262/MG";"Decrescente";"Colisão lateral no mesmo sentido";0;1;0;1;0;0;0;0;0;0;0;4;0;0;0
"23/11/2025";"22:15:00";"85";"Com vítima";"384,000";"BR-262/MG";"Crescente";"Atropelamento de animal";2;0;0;1;0;0;0;0;0;0;2;0;1;0;0
"24/11/2025";"00:04:00";"2";"Sem vítima";"370,100";"BR-262/MG";"Decrescente";"Saída de pista";0;0;0;1;0;0;0;0;0;0;1;0;0;0;0
"24/11/2025";"12:51:00";"59";"Com vítima";"376,400";"BR-262/MG";"Decrescente";"Capotamento";0;0;0;1;0;0;0;0;0;0;0;1;0;0;0
"24/11/2025";"18:11:00";"92";"Com vítima";"449,500";"BR-262/MG";"Crescente";"Acidentes de outra natureza";0;0;0;0;0;0;0;0;0;0;0;0;0;0;1
"24/11/2025";"21:42:00";"102";"Sem vítima";"688,000";"BR-262/MG";"Crescente";"Atropelamento de animal";1;0;0;0;0;0;0;0;0;0;1;0;0;0;0
"25/11/2025";"02:32:00";"5";"Sem vítima";"404,000";"BR-262/MG";"Decrescente";"Saída de pista";0;0;0;1;0;0;0;0;0;0;1;0;0;0;0
"25/11/2025";"04:19:00";"12";"Sem vítima";"749,000";"BR-262/MG";"Crescente";"Colisão traseira";0;0;0;0;0;1;1;0;0;0;0;0;0;0;0
"25/11/2025";"09:57:00";"47";"Sem vítima";"377,000";"BR-262/MG";"Decrescente";"Colisão lateral no mesmo sentido";0;0;0;1;0;1;0;0;0;0;1;0;0;0;0
"25/11/2025";"15:00:00";"84";"Sem vítima";"534,800";"BR-262/MG";"Decrescente";"Colisão traseira";0;0;1;0;0;1;0;0;0;0;3;0;0;0;0
"25/11/2025";"17:07:00";"93";"Sem vítima";"501,000";"BR-262/MG";"Decrescente";"Colisão traseira";0;0;0;1;0;0;0;0;0;0;1;0;0;0;0
"25/11/2025";"17:49:00";"99";"Sem vítima";"562,000";"BR-262/MG";"Decrescente";"Colisão traseira";0;1;0;0;0;0;0;0;0;0;0;0;0;0;0
"25/11/2025";"19:20:00";"104";"Sem vítima";"421,000";"BR-262/MG";"Decrescente";"Atropelamento de animal";1;0;0;0;0;0;0;0;0;0;1;0;0;0;0
"26/11/2025";"07:03:00";"20";"Sem vítima";"373,500";"BR-262/MG";"Decrescente";"Saída de pista";0;0;1;0;0;0;0;0;0;0;1;0;0;0;0
"26/11/2025";"10:22:00";"44";"Sem vítima";"505,000";"BR-262/MG";"Decrescente";"Colisão traseira";0;0;0;1;0;1;0;0;0;0;1;0;0;0;0
"26/11/2025";"13:55:00";"66";"Sem vítima";"372,000";"BR-262/MG";"Decrescente";"Tombamento";0;0;0;0;1;0;0;0;0;0;3;0;0;0;0
"27/11/2025";"00:00:00";"45";"Sem vítima";"434,700";"BR-262/MG";"Decrescente";"Saída de pista";0;0;0;1;0;0;0;0;0;0;1;0;0;0;0
"27/11/2025";"03:29:00";"14";"Sem vítima";"786,000";"BR-262/MG";"Decrescente";"Colisão traseira";0;0;0;1;1;0;0;0;0;0;2;0;0;0;0
"27/11/2025";"06:10:00";"17";"Sem vítima";"415,000";"BR-262/MG";"Decrescente";"Saída de pista";0;0;0;1;0;0;0;0;0;0;2;0;0;0;0
"27/11/2025";"10:04:00";"43";"Sem vítima";"676,600";"BR-262/MG";"Decrescente";"Colisão traseira";0;1;0;0;0;0;0;0;0;0;0;0;0;0;0
"27/11/2025";"10:45:00";"47";"Com vítima";"678,000";"BR-262/MG";"Decrescente";"Colisão lateral no mesmo sentido";0;1;0;1;0;0;0;0;0;0;1;0;1;0;0
"27/11/2025";"14:26:00";"60";"Sem vítima";"671,000";"BR-262/MG";"Decrescente";"Colisão traseira";0;0;0;0;0;0;0;0;0;0;0;0;0;0;0
"27/11/2025";"15:05:00";"62";"Sem vítima";"473,000";"BR-262/MG";"Decrescente";"Colisão traseira";0;1;0;0;0;0;0;0;0;0;0;0;0;0;0
"27/11/2025";"23:48:00";"98";"Sem vítima";"723,000";"BR-262/MG";"Decrescente";"Atropelamento de animal";1;0;0;0;0;0;0;0;0;0;1;0;0;0;0
"28/11/2025";"06:57:00";"20";"Sem vítima";"756,800";"BR-262/MG";"Decrescente";"Saída de pista";0;0;0;1;0;0;0;0;0;0;1;0;0;0;0
"28/11/2025";"16:13:00";"95";"Com vítima";"553,000";"BR-262/MG";"Decrescente";"Capotamento";0;0;0;1;0;0;0;0;0;0;0;1;0;0;0
"28/11/2025";"17:35:00";"104";"Sem vítima";"357,300";"BR-262/MG";"Decrescente";"Colisão traseira";0;0;0;1;1;0;0;0;0;0;0;0;0;0;0
"29/11/2025";"00:47:00";"2";"Sem vítima";"408,000";"BR-262/MG";"Decrescente";"Tombamento";0;0;0;0;0;0;0;0;0;0;0;0;0;0;0
"29/11/2025";"02:33:00";"4";"Com vítima";"786,000";"BR-262/MG";"Decrescente";"Queda de moto";0;0;0;0;1;0;0;0;0;0;1;0;0;1;0
"29/11/2025";"10:30:00";"20";"Sem vítima";"417,000";"BR-262/MG";"Decrescente";"Choque";0;0;0;1;0;0;0;0;0;0;1;0;0;0;0
"29/11/2025";"10:30:00";"35";"Sem vítima";"364,000";"BR-262/MG";"Decrescente";"Colisão lateral no mesmo sentido";0;0;0;1;0;0;0;0;0;0;1;0;0;0;0
"29/11/2025";"13:27:00";"55";"Sem vítima";"516,000";"BR-262/MG";"Decrescente";"Colisão lateral no mesmo sentido";0;0;0;2;0;0;0;0;0;0;1;0;0;0;0
"29/11/2025";"22:21:00";"104";"Com vítima";"368,000";"BR-262/MG";"Crescente";"Capotamento";0;0;0;1;0;0;0;0;0;0;1;0;2;0;0
"30/11/2025";"06:14:00";"16";"Sem vítima";"386,900";"BR-262/MG";"Decrescente";"Saída de pista";0;0;0;1;0;0;0;0;0;0;1;0;0;0;0
"30/11/2025";"09:07:00";"97";"Sem vítima";"517,000";"BR-262/MG";"Decrescente";"Colisão lateral no mesmo sentido";0;0;0;0;1;1;0;0;0;0;2;0;0;0;0
"30/11/2025";"11:14:00";"54";"Sem vítima";"544,000";"BR-262/MG";"Crescente";"Queda de moto";0;0;0;0;1;0;0;0;0;0;1;0;0;0;0
"30/11/2025";"11:45:00";"57";"Com vítima";"689,000";"BR-262/MG";"Crescente";"Colisão lateral no mesmo sentido";0;0;0;1;0;0;0;0;0;0;1;1;0;0;0
"30/11/2025";"18:25:00";"101";"Sem vítima";"348,000";"BR-262/MG";"Decrescente";"Colisão traseira";0;0;0;2;0;0;0;0;0;0;5;0;0;0;0
"30/11/2025";"18:56:00";"103";"Sem vítima";"356,000";"BR-262/MG";"Decrescente";"Colisão traseira";0;0;0;2;0;0;0;0;0;0;2;0;0;0;0
"30/11/2025";"20:37:00";"107";"Com vítima";"435,900";"BR-262/MG";"Decrescente";"Colisão traseira";0;0;0;1;2;0;0;0;0;0;3;2;0;1;0
"30/11/2025";"20:39:00";"108";"Com vítima";"478,000";"BR-262/MG";"Decrescente";"Saída de pista";0;1;0;0;0;0;0;0;0;0;0;0;0;0;0
"01/12/2025";"10:16:00";"34";"Sem vítima";"554,000";"BR-262/MG";"Decrescente";"Tombamento";0;1;0;0;0;0;0;0;0;0;0;0;0;0;0
"01/12/2025";"12:07:00";"50";"Com vítima";"676,800";"BR-262/MG";"Decrescente";"Saída de pista";0;0;0;0;0;0;0;0;0;0;0;0;0;0;0
"01/12/2025";"13:55:00";"55";"Sem vítima";"362,000";"BR-262/MG";"Crescente";"Colisão traseira";0;0;0;2;0;0;0;0;0;0;2;0;0;0;0
"01/12/2025";"22:12:00";"93";"Sem vítima";"350,000";"BR-262/MG";"Decrescente";"Saída de pista";0;0;0;1;0;0;0;0;0;0;1;0;0;0;0
"02/12/2025";"00:00:00";"91";"Com vítima";"438,000";"BR-262/MG";"Crescente";"Acidentes de outra natureza";0;0;0;1;1;0;0;0;0;0;1;2;0;0;0
"02/12/2025";"06:04:00";"10";"Sem vítima";"350,100";"BR-262/MG";"Decrescente";"Choque";0;1;0;0;0;0;0;0;0;0;0;0;0;0;0
"02/12/2025";"11:35:00";"52";"Sem vítima";"431,000";"BR-262/MG";"Decrescente";"Tombamento";0;0;0;0;0;0;0;0;0;0;0;0;0;0;0
"02/12/2025";"13:35:00";"57";"Sem vítima";"401,200";"BR-262/MG";"Crescente";"Colisão traseira";0;1;0;0;0;0;0;0;0;0;0;0;0;0;0
"03/12/2025";"10:24:00";"37";"Com vítima";"363,000";"BR-262/MG";"Decrescente";"Colisão traseira";0;0;0;1;0;1;0;0;0;0;0;1;0;0;0
"03/12/2025";"10:33:00";"38";"Sem vítima";"637,300";"BR-262/MG";"Decrescente";"Tombamento";0;0;0;0;0;0;0;0;0;0;0;0;0;0;0
"03/12/2025";"23:50:00";"101";"Com vítima";"366,000";"BR-262/MG";"Crescente";"Colisão traseira";0;0;0;0;0;0;0;0;0;0;0;0;0;0;0
"04/12/2025";"00:00:00";"46";"Com vítima";"363,000";"BR-262/MG";"Decrescente";"Colisão traseira";0;1;0;1;0;0;0;0;0;0;2;0;0;0;0
"04/12/2025";"06:02:00";"6";"Sem vítima";"352,000";"BR-262/MG";"Crescente";"Saída de pista";0;0;0;1;0;0;0;0;0;0;1;0;0;0;0
"04/12/2025";"09:28:00";"28";"Sem vítima";"546,000";"BR-262/MG";"Crescente";"Colisão lateral no mesmo sentido";0;0;0;1;0;0;0;0;0;0;1;0;0;0;0
"04/12/2025";"13:13:00";"50";"Com vítima";"368,000";"BR-262/MG";"Decrescente";"Queda de moto";0;0;0;0;1;0;0;0;0;0;0;0;1;0;0
"04/12/2025";"16:34:00";"67";"Sem vítima";"383,000";"BR-262/MG";"Decrescente";"Saída de pista";0;0;0;1;0;0;0;0;0;0;1;0;0;0;0
"04/12/2025";"18:00:00";"74";"Sem vítima";"389,650";"BR-262/MG";"Crescente";"Saída de pista";0;0;0;1;0;0;0;0;0;0;2;0;0;0;0
"05/12/2025";"12:19:00";"47";"Sem vítima";"472,000";"BR-262/MG";"Decrescente";"Saída de pista";0;0;0;1;0;1;0;0;0;0;3;0;0;0;0
"05/12/2025";"14:34:00";"59";"Sem vítima";"372,000";"BR-262/MG";"Decrescente";"Colisão traseira";0;1;0;1;0;0;0;0;0;0;1;0;0;0;0
"05/12/2025";"16:09:00";"69";"Com vítima";"362,400";"BR-262/MG";"Decrescente";"Colisão lateral no mesmo sentido";0;0;0;0;1;1;0;0;0;0;0;0;1;0;0
"05/12/2025";"19:09:00";"88";"Sem vítima";"370,000";"BR-262/MG";"Decrescente";"Saída de pista";0;0;0;1;0;0;0;0;0;0;1;0;0;0;0
"05/12/2025";"19:43:00";"92";"Sem vítima";"785,500";"BR-262/MG";"Crescente";"Atropelamento de animal";1;0;0;0;0;0;0;0;0;0;1;0;0;0;0
"06/12/2025";"00:00:00";"93";"Com vítima";"401,000";"BR-262/MG";"Decrescente";"Saída de pista";0;0;0;0;0;0;0;0;0;0;0;0;0;0;0
"06/12/2025";"03:31:00";"4";"Com vítima";"731,200";"BR-262/MG";"Decrescente";"Colisão frontal";0;1;0;1;0;0;0;0;0;0;0;0;1;0;0
"06/12/2025";"03:47:00";"5";"Com vítima";"422,400";"BR-262/MG";"Crescente";"Saída de pista";0;0;0;1;0;0;0;0;0;0;0;0;0;1;0