data;horario;n_da_ocorrencia;tipo_de_ocorrencia;km;trecho;sentido;tipo_de_acidente;automovel;bicicleta;caminhao;moto;onibus;outros;tracao_animal;transporte_de_cargas_especiais;trator_maquinas;utilitarios;ilesos;levemente_feridos;moderadamente_feridos;gravemente_feridos;mortos
"06/12/2025";"05:07:00";"11";"Sem vítima";"622,000";"BR-262/MG";"Decrescente";"Saída de pista";0;0;0;1;0;0;0;0;0;0;1;0;0;0;0
"06/12/2025";"07:30:00";"20";"Sem vítima";"468,200";"BR-262/MG";"Crescente";"Acidentes de outra natureza";0;0;0;2;0;0;0;0;0;0;2;0;0;0;0
"06/12/2025";"15:22:00";"82";"Sem vítima";"352,000";"BR-262/MG";"Decrescente";"Saída de pista";0;0;0;1;0;0;0;0;0;0;1;0;0;0;0
"06/12/2025";"21:28:00";"116";"Com vítima";"516,000";"BR-262/MG";"Decrescente";"Colisão lateral no mesmo sentido";0;0;1;0;0;0;0;0;0;0;2;1;0;0;0
"06/12/2025";"23:07:00";"120";"Sem vítima";"497,000";"BR-262/MG";"Decrescente";"Colisão lateral no mesmo sentido";0;0;1;0;0;0;0;0;0;0;15;0;0;0;0
"07/12/2025";"02:06:00";"1";"Sem vítima";"366,000";"BR-262/MG";"Decrescente";"Saída de pista";0;0;0;1;0;0;0;0;0;0;1;0;0;0;0
"07/12/2025";"03:07:00";"2";"Sem vítima";"544,000";"BR-262/MG";"Decrescente";"Atropelamento de animal";1;0;0;0;0;0;0;0;0;0;1;0;0;0;0
"07/12/2025";"06:38:00";"6";"Sem vítima";"404,600";"BR-262/MG";"Crescente";"Saída de pista";0;0;0;1;0;0;0;0;0;0;1;0;0;0;0
"07/12/2025";"08:30:00";"18";"Com vítima";"351,300";"BR-262/MG";"Crescente";"Acidentes de outra natureza";0;0;0;0;0;0;0;0;0;1;0;1;0;0;0
"07/12/2025";"17:17:00";"68";"Sem vítima";"350,000";"BR-262/MG";"Decrescente";"Saída de pista";0;0;0;1;0;0;0;0;0;0;1;0;0;0;0
"07/12/2025";"18:02:00";"71";"Sem vítima";"442,000";"BR-262/MG";"Crescente";"Colisão lateral no mesmo sentido";0;0;0;1;0;0;0;0;0;0;1;0;0;0;0
"07/12/2025";"23:18:00";"89";"Sem vítima";"521,000";"BR-262/MG";"Decrescente";"Atropelamento de animal";1;0;0;0;0;0;0;0;0;0;2;0;0;0;0
"08/12/2025";"10:25:00";"42";"Sem vítima";"540,000";"BR-262/MG";"Crescente";"Saída de pista";0;0;0;1;0;0;0;0;0;0;5;0;0;0;0
"08/12/2025";"10:32:00";"43";"Sem vítima";"410,000";"BR-262/MG";"Decrescente";"Colisão lateral no mesmo sentido";0;0;0;2;0;0;0;0;0;0;5;0;0;0;0
"08/12/2025";"11:15:00";"47";"Sem vítima";"398,000";"BR-262/MG";"Decrescente";"Saída de pista";0;0;0;1;0;0;0;0;0;0;1;0;0;0;0
"08/12/2025";"11:42:00";"48";"Sem vítima";"472,000";"BR-262/MG";"Decrescente";"Engavetamento";0;0;0;3;0;0;0;0;0;0;5;0;0;0;0
"08/12/2025";"13:01:00";"56";"Com vítima";"376,800";"BR-262/MG";"Decrescente";"Colisão lateral no mesmo sentido";0;0;0;1;0;0;0;0;0;0;0;1;0;0;0
"08/12/2025";"13:07:00";"57";"Sem vítima";"427,000";"BR-262/MG";"Decrescente";"Choque";0;0;0;1;0;0;0;0;0;0;1;0;0;0;0
"08/12/2025";"13:18:00";"51";"Sem vítima";"381,000";"BR-262/MG";"Decrescente";"Choque";0;0;0;1;0;0;0;0;0;0;1;0;0;0;0
"08/12/2025";"16:31:00";"68";"Com vítima";"350,200";"BR-262/MG";"Decrescente";"Colisão traseira";0;0;0;0;1;1;0;0;0;0;0;1;0;0;0
"09/12/2025";"00:00:00";"35";"Sem vítima";"383,400";"BR-262/MG";"Crescente";"Saída de pista";0;0;0;1;0;0;0;0;0;0;1;0;0;0;0
"09/12/2025";"03:57:00";"6";"Sem vítima";"629,500";"BR-262/MG";"Decrescente";"Saída de pista";0;1;0;0;0;0;0;0;0;0;0;0;0;0;0
"09/12/2025";"07:15:00";"15";"Sem vítima";"750,700";"BR-262/MG";"Crescente";"Saída de pista";0;0;0;1;0;0;0;0;0;0;1;0;0;0;0
"09/12/2025";"10:37:00";"41";"Sem vítima";"523,000";"BR-262/MG";"Crescente";"Queda de moto";0;0;0;0;1;0;0;0;0;0;1;0;0;0;0
"09/12/2025";"17:02:00";"77";"Sem vítima";"361,000";"BR-262/MG";"Decrescente";"Colisão lateral no mesmo sentido";0;0;0;1;0;0;0;0;0;0;1;0;0;0;0
"09/12/2025";"18:27:00";"82";"Sem vítima";"360,000";"BR-262/MG";"Decrescente";"Engavetamento";0;0;0;2;0;1;0;0;0;0;2;0;0;0;0
"10/12/2025";"04:11:00";"11";"Sem vítima";"367,000";"BR-262/MG";"Decrescente";"Saída de pista";0;1;0;0;0;0;0;0;0;0;0;0;0;0;0
"10/12/2025";"05:32:00";"14";"Com vítima";"357,000";"BR-262/MG";"Decrescente";"Colisão traseira";0;0;0;0;0;0;0;0;0;0;0;0;0;0;0
"10/12/2025";"08:13:00";"28";"Sem vítima";"370,000";"BR-262/MG";"Decrescente";"Saída de pista";0;0;0;1;0;0;0;0;0;0;1;0;0;0;0
"10/12/2025";"19:28:00";"109";"Com vítima";"472,000";"BR-262/MG";"Crescente";"Colisão lateral no mesmo sentido";0;1;0;1;0;0;0;0;0;0;0;0;0;1;1
"10/12/2025";"21:52:00";"119";"Sem vítima";"421,000";"BR-262/MG";"Crescente";"Colisão traseira";0;1;0;1;0;0;0;0;0;0;2;0;0;0;0
"10/12/2025";"22:14:00";"120";"Sem vítima";"730,000";"BR-262/MG";"Crescente";"Colisão traseira";0;0;0;1;0;1;0;0;0;0;1;0;0;0;0
"11/12/2025";"12:17:00";"66";"Sem vítima";"362,000";"BR-262/MG";"Crescente";"Colisão traseira";0;1;0;1;0;0;0;0;0;0;1;0;0;0;0
"11/12/2025";"12:31:00";"67";"Com vítima";"348,800";"BR-262/MG";"Crescente";"Queda de moto";0;0;0;0;1;0;0;0;0;0;0;1;0;0;0
"11/12/2025";"16:00:00";"89";"Sem vítima";"601,000";"BR-262/MG";"Decrescente";"Colisão traseira";0;0;0;0;0;0;0;0;0;0;0;0;0;0;0
"11/12/2025";"21:37:00";"114";"Com vítima";"370,000";"BR-262/MG";"Decrescente";"Colisão traseira";0;0;0;1;0;1;0;0;0;0;0;2;0;0;0
"12/12/2025";"02:10:00";"4";"Sem vítima";"418,000";"BR-262/MG";"Decrescente";"Choque";0;0;0;1;0;1;0;0;0;0;3;0;0;0;0
"12/12/2025";"07:20:00";"23";"Sem vítima";"599,000";"BR-262/MG";"Decrescente";"Choque";0;0;0;0;0;0;0;0;0;0;0;0;0;0;0
"12/12/2025";"10:15:00";"49";"Com vítima";"746,600";"BR-262/MG";"Decrescente";"Capotamento";0;0;0;1;0;0;0;0;0;0;0;1;0;0;0
"12/12/2025";"10:37:00";"50";"Sem vítima";"431,000";"BR-262/MG";"Decrescente";"Queda de moto";0;0;0;0;1;0;0;0;0;0;0;0;0;0;0
"12/12/2025";"16:13:00";"77";"Com vítima";"618,000";"BR-262/MG";"Decrescente";"Colisão lateral no mesmo sentido";0;0;0;1;0;0;0;0;0;0;0;0;1;0;0
"12/12/2025";"18:37:00";"92";"Sem vítima";"736,200";"BR-262/MG";"Decrescente";"Tombamento";0;1;0;0;0;0;0;0;0;0;0;0;0;0;0
"13/12/2025";"00:58:00";"7";"Sem vítima";"711,000";"BR-262/MG";"Decrescente";"Atropelamento de animal";0;0;0;1;0;0;0;0;0;0;1;0;0;0;0
"13/12/2025";"06:30:00";"18";"Sem vítima";"727,700";"BR-262/MG";"Decrescente";"Colisão traseira";0;0;0;1;0;0;0;0;0;0;2;0;0;0;0
"13/12/2025";"07:24:00";"22";"Com vítima";"352,000";"BR-262/MG";"Crescente";"Queda de moto";0;0;0;0;1;0;0;0;0;0;0;1;1;0;0
"13/12/2025";"10:18:00";"34";"Com vítima";"585,000";"BR-262/MG";"Crescente";"Colisão frontal";0;0;0;2;0;0;0;0;0;0;0;1;2;0;0
"13/12/2025";"17:18:00";"71";"Sem vítima";"517,000";"BR-262/MG";"Crescente";"Colisão traseira";0;0;0;0;0;1;0;0;0;0;1;0;0;0;0
"14/12/2025";"15:41:00";"68";"Sem vítima";"561,200";"BR-262/MG";"Crescente";"Saída de pista";0;0;0;1;0;0;0;0;0;0;1;0;0;0;0
"14/12/2025";"16:25:00";"73";"Com vítima";"566,000";"BR-262/MG";"Decrescente";"Saída de pista";0;0;0;1;0;0;0;0;0;0;0;1;0;0;0
"14/12/2025";"17:07:00";"78";"Com vítima";"785,000";"BR-262/MG";"Decrescente";"Queda de moto";0;0;0;0;1;0;0;0;0;0;0;2;0;0;0
"14/12/2025";"21:50:00";"101";"Sem vítima";"568,000";"BR-262/MG";"Decrescente";"Saída de pista";0;0;0;1;0;0;0;0;0;0;4;0;0;0;0
"15/12/2025";"04:30:00";"4";"Sem vítima";"540,000";"BR-262/MG";"Decrescente";"Saída de pista";0;0;0;0;0;0;0;0;0;0;0;0;0;0;0
"15/12/2025";"07:06:00";"12";"Sem vítima";"751,000";"BR-262/MG";"Crescente";"Colisão lateral no mesmo sentido";0;0;0;1;0;0;0;0;0;0;1;0;0;0;0
"15/12/2025";"11:14:00";"36";"Sem vítima";"435,200";"BR-262/MG";"Decrescente";"Queda de moto";0;0;0;0;1;0;0;0;0;0;2;0;0;0;0
"15/12/2025";"11:47:00";"39";"Sem vítima";"740,000";"BR-262/MG";"Decrescente";"Colisão traseira";0;1;0;1;0;0;0;0;0;0;1;0;0;0;0
"15/12/2025";"19:36:00";"87";"Sem vítima";"676,000";"BR-262/MG";"Crescente";"Atropelamento de animal";1;0;0;0;0;0;0;0;0;0;5;0;0;0;0
"16/12/2025";"04:21:00";"9";"Sem vítima";"350,000";"BR-262/MG";"Decrescente";"Saída de pista";0;0;0;1;0;0;0;0;0;0;1;0;0;0;0
"16/12/2025";"09:16:00";"37";"Sem vítima";"454,000";"BR-262/MG";"Decrescente";"Saída de pista";0;0;0;1;0;0;0;0;0;0;3;0;0;0;0
"16/12/2025";"09:26:00";"40";"Sem vítima";"364,000";"BR-262/MG";"Decrescente";"Choque";0;0;0;1;0;0;0;0;0;0;1;0;0;0;0
"16/12/2025";"11:03:00";"48";"Sem vítima";"759,000";"BR-262/MG";"Crescente";"Saída de pista";0;0;0;1;0;0;0;0;0;0;1;0;0;0;0
"16/12/2025";"11:47:00";"56";"Sem vítima";"358,000";"BR-262/MG";"Decrescente";"Tombamento";0;0;0;1;0;0;0;0;0;0;1;0;0;0;0
"16/12/2025";"12:49:00";"63";"Sem vítima";"422,000";"BR-262/MG";"Crescente";"Colisão lateral no mesmo sentido";0;0;0;1;0;0;0;0;0;0;1;0;0;0;0
"16/12/2025";"15:44:00";"88";"Sem vítima";"363,000";"BR-262/MG";"Crescente";"Colisão lateral no mesmo sentido";0;0;0;0;0;0;0;0;0;0;0;0;0;0;0
"16/12/2025";"22:41:00";"115";"Com vítima";"530,000";"BR-262/MG";"Crescente";"Saída de pista";0;0;0;0;0;0;0;0;0;0;0;0;0;0;0
"17/12/2025";"03:35:00";"6";"Sem vítima";"484,000";"BR-262/MG";"Decrescente";"Saída de pista";0;0;0;1;0;0;0;0;0;0;1;0;0;0;0
"17/12/2025";"09:19:00";"30";"Sem vítima";"376,800";"BR-262/MG";"Decrescente";"Capotamento";0;0;0;1;0;0;0;0;0;0;1;0;0;0;0
"17/12/2025";"15:29:00";"70";"Sem vítima";"386,000";"BR-262/MG";"Decrescente";"Saída de pista";0;0;0;1;0;0;0;0;0;0;1;0;0;0;0
"17/12/2025";"17:16:00";"82";"Sem vítima";"380,000";"BR-262/MG";"Crescente";"Saída de pista";0;0;0;1;0;0;0;0;0;0;1;0;0;0;0
"17/12/2025";"17:29:00";"84";"Sem vítima";"353,000";"BR-262/MG";"Decrescente";"Choque";0;0;0;0;0;0;0;0;0;0;0;0;0;0;0
"17/12/2025";"17:48:00";"85";"Sem vítima";"384,000";"BR-262/MG";"Decrescente";"Saída de pista";0;0;0;1;0;0;0;0;0;0;1;0;0;0;0
"17/12/2025";"19:06:00";"90";"Com vítima";"382,100";"BR-262/MG";"Decrescente";"Saída de pista";0;0;0;1;0;0;0;0;0;0;0;1;0;0;0
"18/12/2025";"04:44:00";"10";"Sem vítima";"423,300";"BR-262/MG";"Decrescente";"Colisão traseira";0;1;0;0;0;0;0;0;0;0;0;0;0;0;0
"18/12/2025";"08:21:00";"29";"Com vítima";"787,500";"BR-262/MG";"Crescente";"Colisão traseira";0;0;0;1;2;0;0;0;0;0;1;3;0;0;0
"18/12/2025";"13:35:00";"74";"Sem vítima";"509,300";"BR-262/MG";"Decrescente";"Colisão traseira";0;0;0;1;0;0;0;0;0;0;4;0;0;0;0
"18/12/2025";"14:01:00";"79";"Sem vítima";"446,000";"BR-262/MG";"Decrescente";"Colisão traseira";0;0;0;1;0;0;0;0;0;0;5;0;0;0;0
"18/12/2025";"16:18:00";"88";"Sem vítima";"787,000";"BR-262/MG";"Crescente";"Colisão traseira";0;0;0;2;0;0;0;0;0;0;2;0;0;0;0
"18/12/2025";"18:53:00";"104";"Com vítima";"771,000";"BR-262/MG";"Crescente";"Tombamento";0;0;0;0;0;0;0;0;0;0;0;0;0;0;0
"18/12/2025";"19:27:00";"107";"Sem vítima";"771,000";"BR-262/MG";"Crescente";"Tombamento";0;1;0;1;0;0;0;0;0;0;1;0;0;0;0
"18/12/2025";"22:39:00";"116";"Sem vítima";"435,000";"BR-262/MG";"Crescente";"Saída de pista";0;1;0;0;0;0;0;0;0;0;0;0;0;0;0
"19/12/2025";"05:59:00";"4";"Sem vítima";"415,000";"BR-262/MG";"Crescente";"Atropelamento de animal";1;0;0;0;0;0;0;0;0;0;1;0;0;0;0
"19/12/2025";"11:11:00";"51";"Sem vítima";"623,000";"BR-262/MG";"Decrescente";"Saída de pista";0;0;0;1;0;0;0;0;0;0;1;0;0;0;0
"19/12/2025";"13:21:00";"66";"Com vítima";"385,000";"BR-262/MG";"Decrescente";"Saída de pista";0;0;0;1;0;0;0;0;0;0;0;1;0;0;0
"19/12/2025";"14:33:00";"72";"Com vítima";"416,000";"BR-262/MG";"Decrescente";"Tombamento";0;1;0;0;0;0;0;0;0;0;0;0;0;0;0
"19/12/2025";"18:09:00";"85";"Sem vítima";"577,000";"BR-262/MG";"Crescente";"Saída de pista";0;1;0;0;0;0;0;0;0;0;0;0;0;0;0
"19/12/2025";"21:25:00";"97";"Sem vítima";"436,700";"BR-262/MG";"Crescente";"Saída de pista";0;0;0;1;0;0;0;0;0;0;1;0;0;0;0
"20/12/2025";"00:00:00";"55";"Sem vítima";"354,000";"BR-262/MG";"Decrescente";"Saída de pista";0;0;0;1;0;0;0;0;0;0;2;0;0;0;0
"20/12/2025";"06:39:00";"11";"Sem vítima";"380,000";"BR-262/MG";"Crescente";"Saída de pista";0;0;0;1;0;0;0;0;0;0;3;0;0;0;0
"20/12/2025";"07:39:00";"17";"Sem vítima";"381,700";"BR-262/MG";"Crescente";"Capotamento";0;0;0;1;0;0;0;0;0;0;1;0;0;0;0
"20/12/2025";"07:41:00";"18";"Com vítima";"353,400";"BR-262/MG";"Decrescente";"Choque";0;0;0;1;0;0;0;0;0;0;0;0;1;0;0
"20/12/2025";"07:43:00";"19";"Sem vítima";"401,000";"BR-262/MG";"Decrescente";"Choque";0;0;0;1;0;0;0;0;0;0;2;0;0;0;0
"20/12/2025";"09:33:00";"25";"Sem vítima";"690,000";"BR-262/MG";"Decrescente";"Choque";0;0;0;1;0;0;0;0;0;0;3;0;0;0;0
"20/12/2025";"14:20:00";"48";"Sem vítima";"412,000";"BR-262/MG";"Decrescente";"Colisão traseira";0;0;0;2;0;0;0;0;0;0;4;0;0;0;0
"20/12/2025";"14:29:00";"49";"Sem vítima";"437,000";"BR-262/MG";"Decrescente";"Saída de pista";0;0;0;1;0;0;0;0;0;0;1;0;0;0;0
"20/12/2025";"19:57:00";"76";"Sem vítima";"418,200";"BR-262/MG";"Crescente";"Saída de pista";0;0;0;1;0;0;0;0;0;0;1;0;0;0;0
"20/12/2025";"23:05:00";"81";"Com vítima";"426,900";"BR-262/MG";"Decrescente";"Saída de pista";0;0;0;1;0;0;0;0;0;0;0;1;0;0;0
"21/12/2025";"06:50:00";"15";"Sem vítima";"358,000";"BR-262/MG";"Decrescente";"Colisão traseira";0;0;0;2;0;0;0;0;0;0;7;0;0;0;0
"21/12/2025";"07:40:00";"20";"Com vítima";"375,000";"BR-262/MG";"Crescente";"Choque";0;0;0;0;1;0;0;0;0;0;0;0;1;0;0
"21/12/2025";"07:59:00";"22";"Com vítima";"375,100";"BR-262/MG";"Crescente";"Colisão traseira";0;0;0;1;1;0;0;0;0;0;3;0;2;0;0
"21/12/2025";"11:06:00";"40";"Com vítima";"382,000";"BR-262/MG";"Crescente";"Acidentes de outra natureza";0;0;0;1;0;0;0;0;0;0;0;0;0;1;0
"21/12/2025";"16:50:00";"74";"Sem vítima";"353,000";"BR-262/MG";"Crescente";"Colisão lateral no mesmo sentido";0;0;0;1;1;0;0;0;0;0;4;0;0;0;0
"21/12/2025";"18:24:00";"82";"Com vítima";"785,400";"BR-262/MG";"Crescente";"Queda de moto";0;0;0;0;1;0;0;0;0;0;0;1;0;0;0
"21/12/2025";"20:02:00";"94";"Com vítima";"435,000";"BR-262/MG";"Decrescente";"Queda de moto";0;0;0;0;1;0;0;0;0;0;0;0;1;0;0
"21/12/2025";"21:22:00";"98";"Sem vítima";"489,900";"BR-262/MG";"Decrescente";"Atropelamento de animal";0;0;0;1;0;0;0;0;0;0;1;0;0;0;0
"22/12/2025";"05:58:00";"17";"Sem vítima";"361,700";"BR-262/MG";"Decrescente";"Colisão traseira";0;0;0;1;0;1;0;0;0;0;4;0;0;0;0
"22/12/2025";"12:13:00";"71";"Com vítima";"543,000";"BR-262/MG";"Decrescente";"Colisão frontal";0;0;0;2;0;0;0;0;0;0;1;0;0;1;0
"22/12/2025";"16:21:00";"107";"Sem vítima";"740,500";"BR-262/MG";"Decrescente";"Colisão traseira";0;1;0;2;0;0;0;0;0;0;2;0;0;0;0
"22/12/2025";"22:44:00";"138";"Sem vítima";"437,000";"BR-262/MG";"Decrescente";"Atropelamento de animal";0;0;0;1;0;0;0;0;0;0;1;0;0;0;0
"23/12/2025";"07:48:00";"18";"Sem vítima";"383,300";"BR-262/MG";"Decrescente";"Colisão lateral no mesmo sentido";0;1;0;1;0;0;0;0;0;0;2;0;0;0;0
"23/12/2025";"09:55:00";"47";"Sem vítima";"787,000";"BR-262/MG";"Crescente";"Colisão traseira";0;0;1;1;0;1;0;0;0;0;0;0;0;0;0
"23/12/2025";"11:20:00";"56";"Sem vítima";"491,000";"BR-262/MG";"Crescente";"Colisão lateral no mesmo sentido";0;0;0;2;0;0;0;0;0;0;5;0;0;0;0
"23/12/2025";"18:56:00";"88";"Sem vítima";"580,000";"BR-262/MG";"Decrescente";"Colisão traseira";0;0;0;1;0;0;0;0;0;0;3;0;0;0;0
"23/12/2025";"23:53:00";"106";"Sem vítima";"478,000";"BR-262/MG";"Decrescente";"Saída de pista";0;0;0;1;0;0;0;0;0;0;0;0;0;0;0
"24/12/2025";"02:30:00";"4";"Sem vítima";"495,000";"BR-262/MG";"Decrescente";"Saída de pista";0;0;0;1;0;0;0;0;0;0;5;0;0;0;0
"24/12/2025";"22:33:00";"96";"Com vítima";"361,000";"BR-262/MG";"Decrescente";"Queda de moto";0;0;0;0;1;0;0;0;0;0;0;1;0;0;0
"25/12/2025";"00:54:00";"3";"Com vítima";"752,000";"BR-262/MG";"Decrescente";"Capotamento";0;0;0;1;0;0;0;0;0;0;0;1;0;0;0
"25/12/2025";"01:56:00";"5";"Sem vítima";"440,000";"BR-262/MG";"Decrescente";"Capotamento";0;0;0;1;0;0;0;0;0;0;1;0;0;0;0
"25/12/2025";"05:18:00";"12";"Sem vítima";"433,000";"BR-262/MG";"Decrescente";"Saída de pista";0;0;0;1;0;0;0;0;0;0;1;0;0;0;0
"25/12/2025";"06:29:00";"14";"Sem vítima";"475,700";"BR-262/MG";"Decrescente";"Colisão traseira";0;0;0;1;0;0;0;0;0;0;2;0;0;0;0
"25/12/2025";"13:47:00";"38";"Sem vítima";"444,000";"BR-262/MG";"Decrescente";"Queda de moto";0;0;0;0;1;0;0;0;0;0;0;0;0;0;0
"25/12/2025";"14:29:00";"42";"Sem vítima";"604,400";"BR-262/MG";"Decrescente";"Tombamento";0;0;0;0;0;0;0;0;0;0;0;0;0;0;0
"25/12/2025";"16:58:00";"51";"Com vítima";"435,000";"BR-262/MG";"Crescente";"Colisão lateral no mesmo sentido";0;1;0;1;0;0;0;0;0;0;0;0;2;0;0
"25/12/2025";"18:05:00";"52";"Com vítima";"665,000";"BR-262/MG";"Crescente";"Saída de pista";0;0;0;1;0;0;0;0;0;0;0;0;1;0;0
"25/12/2025";"20:23:00";"57";"Com vítima";"424,000";"BR-262/MG";"Crescente";"Queda de moto";0;0;0;0;1;0;0;0;0;0;0;0;2;0;0
"26/12/2025";"05:19:00";"7";"Sem vítima";"357,000";"BR-262/MG";"Decrescente";"Colisão traseira";0;0;0;2;0;0;0;0;0;0;2;0;0;0;0
"26/12/2025";"10:19:00";"25";"Sem vítima";"474,000";"BR-262/MG";"Decrescente";"Colisão traseira";0;0;0;2;0;0;0;0;0;0;5;0;0;0;0
"27/12/2025";"00:00:00";"4";"Sem vítima";"361,600";"BR-262/MG";"Decrescente";"Colisão traseira";0;0;0;2;0;0;0;0;0;0;5;0;0;0;0
"27/12/2025";"06:18:00";"7";"Com vítima";"371,000";"BR-262/MG";"Crescente";"Capotamento";0;0;0;1;0;0;0;0;0;0;0;0;1;1;0
"27/12/2025";"08:04:00";"13";"Sem vítima";"560,000";"BR-262/MG";"Decrescente";"Capotamento";0;0;0;1;0;0;0;0;0;0;2;0;0;0;0
"27/12/2025";"13:24:00";"41";"Com vítima";"750,000";"BR-262/MG";"Decrescente";"Colisão traseira";0;0;0;0;1;1;0;0;0;0;0;0;1;0;0
"28/12/2025";"00:01:00";"1";"Com vítima";"437,500";"BR-262/MG";"Decrescente";"Colisão traseira";0;0;0;1;1;0;0;0;0;0;2;0;2;0;0
"28/12/2025";"04:08:00";"11";"Com vítima";"458,000";"BR-262/MG";"Decrescente";"Colisão lateral no mesmo sentido";0;0;0;0;2;0;0;0;0;0;1;1;1;0;0
"28/12/2025";"05:58:00";"13";"Sem vítima";"361,800";"BR-262/MG";"Crescente";"Colisão traseira";0;0;0;2;0;0;0;0;0;0;2;0;0;0;0
"28/12/2025";"08:40:00";"25";"Com vítima";"375,000";"BR-262/MG";"Decrescente";"Queda de moto";0;0;0;0;1;0;0;0;0;0;0;0;0;1;0
"28/12/2025";"09:52:00";"31";"Sem vítima";"786,000";"BR-262/MG";"Decrescente";"Colisão traseira";0;0;0;2;0;0;0;0;0;0;4;0;0;0;0
"28/12/2025";"11:32:00";"36";"Sem vítima";"375,000";"BR-262/MG";"Crescente";"Queda de moto";0;0;0;0;1;0;0;0;0;0;0;0;0;0;0
"29/12/2025";"01:20:00";"1";"Com vítima";"545,000";"BR-262/MG";"Crescente";"Queda de moto";0;0;0;0;1;0;0;0;0;0;0;0;1;0;0
"29/12/2025";"11:04:00";"27";"Sem vítima";"743,000";"BR-262/MG";"Decrescente";"Choque";0;1;0;0;0;0;0;0;0;0;0;0;0;0;0
"29/12/2025";"22:50:00";"89";"Sem vítima";"384,200";"BR-262/MG";"Decrescente";"Colisão traseira";0;1;0;1;0;0;0;0;0;0;1;0;0;0;0
"29/12/2025";"23:10:00";"90";"Sem vítima";"729,200";"BR-262/MG";"Decrescente";"Saída de pista";0;0;1;0;0;0;0;0;0;0;1;0;0;0;0
"30/12/2025";"06:58:00";"13";"Com vítima";"661,000";"BR-262/MG";"Decrescente";"Saída de pista";0;0;0;1;0;0;0;0;0;0;0;4;0;0;0
"30/12/2025";"13:29:00";"58";"Com vítima";"740,000";"BR-262/MG";"Decrescente";"Colisão lateral no mesmo sentido";0;0;0;2;0;0;0;0;0;0;1;0;1;0;0
"30/12/2025";"14:30:00";"64";"Com vítima";"456,000";"BR-262/MG";"Decrescente";"Colisão lateral no mesmo sentido";0;0;0;1;0;0;0;0;0;0;0;1;0;0;0
"30/12/2025";"17:56:00";"82";"Sem vítima";"456,000";"BR-262/MG";"Crescente";"Colisão traseira";0;0;0;0;0;0;0;0;0;0;0;0;0;0;0
"30/12/2025";"21:53:00";"99";"Com vítima";"349,500";"BR-262/MG";"Crescente";"Saída de pista";0;0;0;1;0;1;0;0;0;0;0;1;0;0;0
"30/12/2025";"23:49:00";"103";"Com vítima";"786,000";"BR-262/MG";"Decrescente";"Colisão traseira";0;0;1;0;1;0;0;0;0;0;2;0;1;0;0
"31/12/2025";"04:00:00";"6";"Com vítima";"692,000";"BR-262/MG";"Decrescente";"Tombamento";0;0;0;0;1;0;0;0;0;0;0;0;0;0;1
"31/12/2025";"10:48:00";"34";"Com vítima";"360,000";"BR-262/MG";"Crescente";"Queda de moto";0;0;0;0;1;0;0;0;0;0;0;1;0;0;0
"31/12/2025";"17:00:00";"71";"Sem vítima";"358,000";"BR-262/MG";"Crescente";"Colisão traseira";0;0;0;2;0;0;0;0;0;0;6;0;0;0;0
"01/01/2026";"17:11:00";"50";"Sem vítima";"367,000";"BR-262/MG";"Decrescente";"Colisão lateral no mesmo sentido";0;0;0;2;0;0;0;0;0;0;2;0;0;0;0
"01/01/2026";"18:32:00";"54";"Com vítima";"380,000";"BR-262/MG";"Crescente";"Capotamento";0;0;0;1;0;0;0;0;0;0;2;0;1;0;0
"02/01/2026";"17:07:00";"64";"Sem vítima";"352,000";"BR-262/MG";"Crescente";"Capotamento";0;0;0;1;0;0;0;0;0;0;1;0;0;0;0
"02/01/2026";"17:23:00";"66";"Sem vítima";"380,000";"BR-262/MG";"Decrescente";"Saída de pista";0;0;0;1;0;0;0;0;0;0;1;0;0;0;0
"02/01/2026";"17:36:00";"68";"Sem vítima";"389,000";"BR-262/MG";"Crescente";"Saída de pista";0;0;0;1;0;0;0;0;0;0;2;0;0;0;0