data;horario;n_da_ocorrencia;tipo_de_ocorrencia;km;trecho;sentido;tipo_de_acidente;automovel;bicicleta;caminhao;moto;onibus;outros;tracao_animal;transporte_de_cargas_especiais;trator_maquinas;utilitarios;ilesos;levemente_feridos;moderadamente_feridos;gravemente_feridos;mortos
"02/01/2026";"19:19:00";"74";"Sem vítima";"383,000";"BR-262/MG";"Decrescente";"Saída de pista";0;0;0;1;0;0;0;0;0;0;2;0;0;0;0
"03/01/2026";"02:33:00";"5";"Sem vítima";"571,000";"BR-262/MG";"Decrescente";"Saída de pista";0;0;0;1;0;0;0;0;0;0;1;0;0;0;0
"03/01/2026";"07:10:00";"13";"Sem vítima";"588,000";"BR-262/MG";"Crescente";"Saída de pista";0;0;0;1;0;0;0;0;0;0;4;0;0;0;0
"03/01/2026";"12:20:00";"48";"Sem vítima";"403,000";"BR-262/MG";"Crescente";"Saída de pista";0;0;0;1;0;0;0;0;0;0;1;0;0;0;0
"03/01/2026";"12:57:00";"54";"Sem vítima";"380,500";"BR-262/MG";"Crescente";"Capotamento";0;0;0;1;0;0;0;0;0;0;2;0;0;0;0
"03/01/2026";"14:19:00";"60";"Sem vítima";"554,000";"BR-262/MG";"Decrescente";"Saída de pista";0;0;0;1;0;0;0;0;0;0;1;0;0;0;0
"03/01/2026";"14:59:00";"65";"Sem vítima";"376,800";"BR-262/MG";"Decrescente";"Saída de pista";0;0;0;1;0;0;0;0;0;0;3;0;0;0;0
"03/01/2026";"15:54:00";"69";"Sem vítima";"361,000";"BR-262/MG";"Decrescente";"Colisão traseira";0;0;0;1;0;1;0;0;0;0;2;0;0;0;0
"03/01/2026";"16:09:00";"70";"Com vítima";"362,000";"BR-262/MG";"Crescente";"Colisão traseira";0;0;0;0;1;1;0;0;0;0;0;1;1;0;0
"03/01/2026";"17:10:00";"75";"Sem vítima";"621,000";"BR-262/MG";"Decrescente";"Capotamento";0;0;0;1;0;0;0;0;0;0;1;0;0;0;0
"03/01/2026";"18:53:00";"80";"Com vítima";"383,500";"BR-262/MG";"Crescente";"Capotamento";0;0;0;1;0;0;0;0;0;0;1;0;1;0;0
"03/01/2026";"22:02:00";"86";"Sem vítima";"434,700";"BR-262/MG";"Decrescente";"Saída de pista";0;0;0;1;0;0;0;0;0;0;5;0;0;0;0
"03/01/2026";"22:48:00";"88";"Sem vítima";"380,400";"BR-262/MG";"Crescente";"Capotamento";0;0;0;1;0;0;0;0;0;0;2;0;0;0;0
"04/01/2026";"00:00:00";"39";"Sem vítima";"352,000";"BR-262/MG";"Crescente";"Saída de pista";0;0;0;1;0;0;0;0;0;0;1;0;0;0;0
"04/01/2026";"00:00:00";"51";"Com vítima";"379,900";"BR-262/MG";"Crescente";"Capotamento";0;0;0;1;0;0;0;0;0;0;0;0;1;0;0
"04/01/2026";"00:00:00";"54";"Sem vítima";"376,800";"BR-262/MG";"Decrescente";"Saída de pista";0;0;0;2;0;0;0;0;0;0;6;0;0;0;0
"04/01/2026";"00:38:00";"3";"Com vítima";"363,600";"BR-262/MG";"Crescente";"Capotamento";0;0;0;1;0;0;0;0;0;0;0;0;1;0;0
"04/01/2026";"03:34:00";"6";"Sem vítima";"365,500";"BR-262/MG";"Crescente";"Atropelamento de animal";0;0;0;1;0;0;0;0;0;0;3;0;0;0;0
"04/01/2026";"06:30:00";"10";"Sem vítima";"354,700";"BR-262/MG";"Crescente";"Capotamento";0;0;0;1;0;0;0;0;0;0;1;0;0;0;0
"04/01/2026";"08:37:00";"18";"Sem vítima";"400,700";"BR-262/MG";"Crescente";"Saída de pista";0;0;0;1;0;0;0;0;0;0;1;0;0;0;0
"04/01/2026";"09:59:00";"26";"Sem vítima";"432,000";"BR-262/MG";"Decrescente";"Saída de pista";0;0;0;1;0;0;0;0;0;0;2;0;0;0;0
"04/01/2026";"10:44:00";"31";"Com vítima";"383,800";"BR-262/MG";"Decrescente";"Capotamento";0;0;0;1;0;0;0;0;0;0;0;1;0;0;0
"04/01/2026";"13:53:00";"44";"Sem vítima";"377,000";"BR-262/MG";"Crescente";"Choque";0;0;0;1;0;0;0;0;0;0;4;0;0;0;0
"04/01/2026";"15:43:00";"56";"Sem vítima";"540,000";"BR-262/MG";"Crescente";"Saída de pista";0;0;0;0;1;0;0;0;0;0;1;0;0;0;0
"04/01/2026";"16:27:00";"62";"Com vítima";"376,800";"BR-262/MG";"Crescente";"Saída de pista";0;0;0;1;0;0;0;0;0;0;1;2;0;0;0
"04/01/2026";"16:49:00";"64";"Com vítima";"445,000";"BR-262/MG";"Crescente";"Queda de moto";0;0;0;0;1;0;0;0;0;0;0;2;0;0;0
"04/01/2026";"17:14:00";"66";"Sem vítima";"377,000";"BR-262/MG";"Crescente";"Capotamento";0;0;0;1;0;0;0;0;0;0;1;0;0;0;0
"05/01/2026";"00:00:00";"54";"Com vítima";"435,000";"BR-262/MG";"Crescente";"Tombamento";0;0;0;0;1;0;0;0;0;0;0;1;0;0;0
"05/01/2026";"06:17:00";"8";"Sem vítima";"380,000";"BR-262/MG";"Crescente";"Saída de pista";0;0;0;1;0;0;0;0;0;0;2;0;0;0;0
"05/01/2026";"09:25:00";"26";"Com vítima";"364,000";"BR-262/MG";"Crescente";"Choque";0;0;0;1;0;0;0;0;0;0;0;1;0;0;0
"05/01/2026";"10:14:00";"35";"Com vítima";"405,000";"BR-262/MG";"Crescente";"Saída de pista";0;0;0;1;0;0;0;0;0;0;0;1;0;0;0
"05/01/2026";"11:46:00";"44";"Com vítima";"375,200";"BR-262/MG";"Decrescente";"Saída de pista";0;0;0;0;0;0;0;0;0;0;0;0;0;0;0
"05/01/2026";"13:49:00";"51";"Sem vítima";"376,000";"BR-262/MG";"Decrescente";"Tombamento";0;0;0;1;0;0;0;0;0;0;1;0;0;0;0
"05/01/2026";"16:11:00";"61";"Com vítima";"694,000";"BR-262/MG";"Crescente";"Colisão traseira";0;0;0;2;0;0;0;0;0;0;6;3;0;0;0
"06/01/2026";"00:00:00";"68";"Sem vítima";"377,500";"BR-262/MG";"Decrescente";"Colisão lateral no mesmo sentido";0;0;0;2;0;0;0;0;0;0;2;0;0;0;0
"06/01/2026";"04:55:00";"9";"Sem vítima";"596,000";"BR-262/MG";"Decrescente";"Capotamento";0;0;0;1;0;0;0;0;0;0;1;0;0;0;0
"06/01/2026";"08:41:00";"22";"Sem vítima";"530,000";"BR-262/MG";"Decrescente";"Colisão traseira";0;0;0;0;0;0;0;0;0;0;0;0;0;0;0
"06/01/2026";"22:51:00";"93";"Sem vítima";"438,000";"BR-262/MG";"Decrescente";"Saída de pista";0;0;0;1;0;0;0;0;0;0;1;0;0;0;0
"07/01/2026";"06:32:00";"5";"Com vítima";"399,000";"BR-262/MG";"Decrescente";"Queda de moto";0;0;0;1;0;0;0;0;0;0;0;1;0;0;0
"07/01/2026";"06:55:00";"9";"Sem vítima";"364,600";"BR-262/MG";"Crescente";"Choque";1;0;0;0;0;0;0;0;0;0;1;0;0;0;0
"07/01/2026";"07:24:00";"11";"Com vítima";"380,000";"BR-262/MG";"Crescente";"Capotamento";1;0;0;0;0;0;0;0;0;0;0;3;0;0;0
"07/01/2026";"11:26:00";"36";"Sem vítima";"452,000";"BR-262/MG";"Crescente";"Colisão traseira";0;0;1;0;0;0;0;0;0;0;1;0;0;0;0
"07/01/2026";"14:02:00";"53";"Sem vítima";"572,000";"BR-262/MG";"Decrescente";"Tombamento";0;0;1;0;0;0;0;0;0;0;1;0;0;0;0
"07/01/2026";"15:44:00";"59";"Sem vítima";"437,300";"BR-262/MG";"Decrescente";"Colisão traseira";1;0;0;0;0;0;0;0;0;0;1;0;0;0;0
"08/01/2026";"17:06:00";"69";"Sem vítima";"358,000";"BR-262/MG";"Crescente";"Colisão traseira";1;0;0;0;0;0;0;0;0;0;1;0;0;0;0
"09/01/2026";"14:27:00";"74";"Sem vítima";"364,000";"BR-262/MG";"Decrescente";"Colisão lateral no mesmo sentido";0;0;2;0;0;0;0;0;0;0;2;0;0;0;0
"09/01/2026";"20:35:00";"112";"Sem vítima";"424,000";"BR-262/MG";"Decrescente";"Atropelamento de animal";1;0;0;0;0;0;0;0;0;0;2;0;0;0;0
"10/01/2026";"05:25:00";"8";"Com vítima";"357,000";"BR-262/MG";"Crescente";"Atropelamento de animal";1;0;0;0;0;0;0;0;0;0;0;0;1;0;0
"10/01/2026";"09:55:00";"25";"Com vítima";"360,400";"BR-262/MG";"Crescente";"Choque";1;0;0;0;0;0;0;0;0;0;1;1;0;0;0
"10/01/2026";"11:26:00";"35";"Sem vítima";"631,900";"BR-262/MG";"Decrescente";"Colisão lateral no mesmo sentido";0;0;1;0;0;0;0;0;0;0;1;0;0;0;0
"11/01/2026";"00:00:00";"7";"Sem vítima";"700,000";"BR-262/MG";"Decrescente";"Saída de pista";1;0;0;0;0;0;0;0;0;0;1;0;0;0;0
"11/01/2026";"00:00:00";"94";"Com vítima";"597,700";"BR-262/MG";"Decrescente";"Tombamento";0;0;1;0;0;0;0;0;0;0;0;0;1;0;0
"11/01/2026";"13:21:00";"50";"Sem vítima";"384,000";"BR-262/MG";"Decrescente";"Colisão traseira";2;0;0;0;0;0;0;0;0;0;5;0;0;0;0
"11/01/2026";"22:00:00";"95";"Com vítima";"517,000";"BR-262/MG";"Decrescente";"Tombamento";0;0;1;0;0;0;0;0;0;0;0;1;0;0;0
"12/01/2026";"06:41:00";"12";"Sem vítima";"698,000";"BR-262/MG";"Decrescente";"Colisão lateral no mesmo sentido";1;0;2;0;0;0;0;0;0;0;3;0;0;0;0
"12/01/2026";"14:13:00";"57";"Com vítima";"356,000";"BR-262/MG";"Crescente";"Capotamento";1;0;0;0;0;0;0;0;0;0;0;0;2;0;2
"12/01/2026";"16:16:00";"75";"Com vítima";"513,000";"BR-262/MG";"Decrescente";"Colisão traseira";1;0;1;0;0;0;0;0;0;0;2;2;0;0;0
"13/01/2026";"13:30:00";"64";"Sem vítima";"397,000";"BR-262/MG";"Decrescente";"Capotamento";0;0;1;0;0;0;0;0;0;0;2;0;0;0;0
"13/01/2026";"23:31:00";"114";"Com vítima";"370,000";"BR-262/MG";"Crescente";"Colisão transversal";1;1;0;0;0;0;0;0;0;0;0;1;0;0;0
"14/01/2026";"00:00:00";"67";"Com vítima";"710,000";"BR-262/MG";"Decrescente";"Colisão lateral no mesmo sentido";1;0;1;0;0;0;0;0;0;0;1;1;0;0;0
"14/01/2026";"11:10:00";"45";"Sem vítima";"358,000";"BR-262/MG";"Decrescente";"Colisão traseira";2;0;0;0;0;0;0;0;0;0;2;0;0;0;0
"14/01/2026";"12:58:00";"53";"Sem vítima";"362,000";"BR-262/MG";"Crescente";"Tombamento";0;0;1;0;0;0;0;0;0;0;1;0;0;0;0
"15/01/2026";"00:00:00";"10";"Com vítima";"437,500";"BR-262/MG";"Crescente";"Engavetamento";3;0;0;1;0;0;0;0;0;0;4;1;0;0;0
"15/01/2026";"00:00:00";"79";"Com vítima";"610,000";"BR-262/MG";"Decrescente";"Colisão traseira";0;0;2;0;0;0;0;0;0;0;1;1;0;0;0
"15/01/2026";"07:44:00";"14";"Sem vítima";"787,000";"BR-262/MG";"Crescente";"Colisão traseira";1;0;0;0;0;0;0;0;0;0;1;0;0;0;0
"15/01/2026";"08:25:00";"16";"Sem vítima";"418,000";"BR-262/MG";"Decrescente";"Colisão lateral no mesmo sentido";1;0;1;0;0;0;0;0;0;0;3;0;0;0;0
"15/01/2026";"12:34:00";"37";"Sem vítima";"368,000";"BR-262/MG";"Crescente";"Colisão traseira";0;0;2;0;0;0;0;0;0;0;2;0;0;0;0
"15/01/2026";"12:36:00";"38";"Sem vítima";"547,000";"BR-262/MG";"Crescente";"Colisão traseira";0;0;2;0;0;0;0;0;0;0;2;0;0;0;0
"16/01/2026";"06:48:00";"10";"Com vítima";"443,000";"BR-262/MG";"Crescente";"Colisão traseira";0;0;2;0;0;0;0;0;0;0;1;2;0;0;0
"16/01/2026";"16:07:00";"72";"Sem vítima";"787,000";"BR-262/MG";"Crescente";"Colisão lateral no mesmo sentido";1;0;0;0;0;0;0;0;0;0;1;0;0;0;0
"17/01/2026";"00:00:00";"2";"Com vítima";"623,000";"BR-262/MG";"Crescente";"Saída de pista";0;0;1;0;0;0;0;0;0;0;0;0;1;0;0
"17/01/2026";"18:36:00";"81";"Com vítima";"720,000";"BR-262/MG";"Crescente";"Queda de moto";0;0;0;1;0;0;0;0;0;0;0;1;0;0;0
"17/01/2026";"19:41:00";"89";"Com vítima";"361,000";"BR-262/MG";"Decrescente";"Colisão lateral no mesmo sentido";1;1;0;0;0;0;0;0;0;0;2;0;0;0;0
"17/01/2026";"20:38:00";"93";"Sem vítima";"676,000";"BR-262/MG";"Decrescente";"Colisão traseira";1;0;0;0;0;0;0;0;0;0;1;0;0;0;0
"17/01/2026";"23:11:00";"97";"Sem vítima";"356,900";"BR-262/MG";"Decrescente";"Colisão traseira";2;0;0;0;0;0;0;0;0;0;3;0;0;0;0
"18/01/2026";"00:00:00";"81";"Sem vítima";"439,200";"BR-262/MG";"Crescente";"Colisão traseira";2;0;0;0;0;0;0;0;0;0;2;0;0;0;0
"18/01/2026";"09:05:00";"22";"Com vítima";"379,900";"BR-262/MG";"Crescente";"Capotamento";1;0;0;0;0;0;0;0;0;0;2;1;0;1;0
"18/01/2026";"10:02:00";"24";"Com vítima";"565,900";"BR-262/MG";"Decrescente";"Queda de moto";0;0;0;1;0;0;0;0;0;0;1;1;0;0;0
"18/01/2026";"11:32:00";"30";"Sem vítima";"383,800";"BR-262/MG";"Crescente";"Saída de pista";1;0;0;0;0;0;0;0;0;0;3;0;0;0;0
"18/01/2026";"13:20:00";"38";"Sem vítima";"380,300";"BR-262/MG";"Decrescente";"Capotamento";2;0;0;0;0;0;0;0;0;0;3;0;0;0;0
"18/01/2026";"13:43:00";"42";"Com vítima";"435,300";"BR-262/MG";"Crescente";"Colisão traseira";2;0;0;0;0;0;0;0;0;0;2;0;2;0;0
"18/01/2026";"14:27:00";"46";"Sem vítima";"420,000";"BR-262/MG";"Crescente";"Saída de pista";1;0;0;0;0;0;0;0;0;0;2;0;0;0;0
"18/01/2026";"15:01:00";"48";"Sem vítima";"380,400";"BR-262/MG";"Crescente";"Capotamento";1;0;0;0;0;0;0;0;0;0;2;0;0;0;0
"18/01/2026";"15:18:00";"50";"Com vítima";"380,800";"BR-262/MG";"Crescente";"Saída de pista";1;0;0;0;0;0;0;0;0;0;0;1;0;0;0
"18/01/2026";"15:28:00";"51";"Sem vítima";"438,000";"BR-262/MG";"Crescente";"Colisão traseira";1;0;0;0;0;0;0;0;0;0;4;0;0;0;0
"18/01/2026";"15:30:00";"53";"Sem vítima";"660,000";"BR-262/MG";"Decrescente";"Colisão traseira";1;0;1;0;0;0;0;0;0;0;4;0;0;0;0
"18/01/2026";"16:41:00";"57";"Sem vítima";"383,800";"BR-262/MG";"Crescente";"Choque";1;0;0;0;0;0;0;0;0;0;1;0;0;0;0
"18/01/2026";"16:43:00";"58";"Sem vítima";"380,300";"BR-262/MG";"Decrescente";"Saída de pista";1;0;0;0;0;0;0;0;0;0;1;0;0;0;0
"18/01/2026";"17:53:00";"64";"Sem vítima";"380,300";"BR-262/MG";"Decrescente";"Saída de pista";1;0;0;0;0;0;0;0;0;0;1;0;0;0;0
"18/01/2026";"18:05:00";"66";"Sem vítima";"363,000";"BR-262/MG";"Crescente";"Colisão traseira";2;0;0;0;0;0;0;0;0;0;2;0;0;0;0
"18/01/2026";"18:26:00";"68";"Com vítima";"376,000";"BR-262/MG";"Decrescente";"Saída de pista";1;0;0;0;0;0;0;0;0;0;0;2;0;0;0
"18/01/2026";"19:12:00";"73";"Sem vítima";"383,000";"BR-262/MG";"Decrescente";"Saída de pista";1;0;0;0;0;0;0;0;0;0;1;0;0;0;0
"19/01/2026";"04:27:00";"6";"Sem vítima";"380,000";"BR-262/MG";"Decrescente";"Saída de pista";1;0;0;0;0;0;0;0;0;0;1;0;0;0;0
"19/01/2026";"04:54:00";"7";"Sem vítima";"421,700";"BR-262/MG";"Decrescente";"Atropelamento de animal";1;0;0;0;0;0;0;0;0;0;1;0;0;0;0
"19/01/2026";"07:02:00";"12";"Sem vítima";"353,400";"BR-262/MG";"Crescente";"Saída de pista";1;0;0;0;0;0;0;0;0;0;2;0;0;0;0
"19/01/2026";"12:38:00";"66";"Sem vítima";"428,000";"BR-262/MG";"Decrescente";"Saída de pista";0;0;1;0;0;0;0;0;0;0;1;0;0;0;0
"19/01/2026";"22:53:00";"120";"Sem vítima";"380,000";"BR-262/MG";"Decrescente";"Saída de pista";1;0;0;0;0;0;0;0;0;0;1;0;0;0;0
"19/01/2026";"23:15:00";"122";"Sem vítima";"358,900";"BR-262/MG";"Decrescente";"Capotamento";1;0;0;0;0;0;0;0;0;0;1;0;0;0;0
"20/01/2026";"05:24:00";"12";"Sem vítima";"430,000";"BR-262/MG";"Decrescente";"Choque";1;0;0;0;0;0;0;0;0;0;0;0;0;0;0
"20/01/2026";"11:42:00";"52";"Sem vítima";"366,000";"BR-262/MG";"Decrescente";"Colisão lateral no mesmo sentido";1;0;0;0;0;0;0;0;0;0;1;0;0;0;0
"20/01/2026";"11:55:00";"55";"Com vítima";"409,000";"BR-262/MG";"Crescente";"Capotamento";1;0;0;0;0;0;0;0;0;0;0;3;0;0;0
"20/01/2026";"12:33:00";"57";"Sem vítima";"352,500";"BR-262/MG";"Crescente";"Colisão traseira";1;0;0;0;0;0;0;0;0;0;1;0;0;0;0
"20/01/2026";"13:06:00";"59";"Sem vítima";"672,000";"BR-262/MG";"Decrescente";"Saída de pista";0;0;0;0;0;0;0;0;0;1;1;0;0;0;0
"20/01/2026";"13:14:00";"61";"Sem vítima";"401,000";"BR-262/MG";"Decrescente";"Saída de pista";1;0;0;0;0;0;0;0;0;0;1;0;0;0;0
"20/01/2026";"14:53:00";"72";"Sem vítima";"393,000";"BR-262/MG";"Decrescente";"Saída de pista";1;0;0;0;0;0;0;0;0;0;1;0;0;0;0
"20/01/2026";"15:39:00";"75";"Sem vítima";"423,000";"BR-262/MG";"Decrescente";"Colisão traseira";0;0;1;0;0;0;0;0;0;0;1;0;0;0;0
"20/01/2026";"16:42:00";"83";"Sem vítima";"383,000";"BR-262/MG";"Decrescente";"Saída de pista";1;0;0;0;0;0;0;0;0;0;2;0;0;0;0
"20/01/2026";"16:52:00";"84";"Sem vítima";"380,400";"BR-262/MG";"Crescente";"Saída de pista";1;0;0;0;0;0;0;0;0;0;2;0;0;0;0
"20/01/2026";"19:21:00";"95";"Sem vítima";"365,000";"BR-262/MG";"Crescente";"Choque";1;0;0;0;0;0;0;0;0;0;2;0;0;0;0
"20/01/2026";"19:29:00";"96";"Com vítima";"462,900";"BR-262/MG";"Decrescente";"Saída de pista";1;0;0;0;0;0;0;0;0;0;0;1;0;0;0
"20/01/2026";"19:53:00";"97";"Com vítima";"437,000";"BR-262/MG";"Decrescente";"Acidentes de outra natureza";1;0;0;0;0;0;0;0;0;0;1;1;0;0;0
"20/01/2026";"22:09:00";"106";"Sem vítima";"439,000";"BR-262/MG";"Decrescente";"Saída de pista";1;0;0;0;0;0;0;0;0;0;1;0;0;0;0
"21/01/2026";"00:00:00";"21";"Sem vítima";"378,000";"BR-262/MG";"Decrescente";"Colisão traseira";1;0;0;0;0;0;0;0;0;0;1;0;0;0;0
"21/01/2026";"06:38:00";"13";"Sem vítima";"380,000";"BR-262/MG";"Crescente";"Saída de pista";1;0;0;0;0;0;0;0;0;0;2;0;0;0;0
"21/01/2026";"08:04:00";"24";"Sem vítima";"386,000";"BR-262/MG";"Crescente";"Saída de pista";1;0;0;0;0;0;0;0;0;0;1;0;0;0;0
"21/01/2026";"15:07:00";"58";"Sem vítima";"383,000";"BR-262/MG";"Crescente";"Saída de pista";1;0;0;0;0;0;0;0;0;0;1;0;0;0;0
"21/01/2026";"19:47:00";"82";"Sem vítima";"481,000";"BR-262/MG";"Decrescente";"Choque";0;0;1;0;0;0;0;0;0;0;1;0;0;0;0
"21/01/2026";"20:02:00";"84";"Sem vítima";"365,000";"BR-262/MG";"Decrescente";"Saída de pista";1;0;0;0;0;0;0;0;0;0;1;0;0;0;0
"21/01/2026";"21:43:00";"89";"Sem vítima";"365,000";"BR-262/MG";"Decrescente";"Atropelamento de animal";2;0;0;0;0;0;0;0;0;0;3;0;0;0;0
"22/01/2026";"11:20:00";"38";"Sem vítima";"710,000";"BR-262/MG";"Decrescente";"Colisão traseira";0;0;2;0;0;0;0;0;0;0;2;0;0;0;0
"22/01/2026";"18:54:00";"82";"Sem vítima";"786,000";"BR-262/MG";"Crescente";"Colisão traseira";2;0;0;0;0;0;0;0;0;0;2;0;0;0;0
"22/01/2026";"20:54:00";"96";"Sem vítima";"550,600";"BR-262/MG";"Crescente";"Tombamento";0;0;1;0;0;0;0;0;0;0;1;0;0;0;0
"23/01/2026";"00:09:00";"2";"Sem vítima";"758,000";"BR-262/MG";"Decrescente";"Saída de pista";1;0;0;0;0;0;0;0;0;0;1;0;0;0;0
"23/01/2026";"05:25:00";"21";"Com vítima";"732,000";"BR-262/MG";"Decrescente";"Tombamento";0;0;1;0;0;0;0;0;0;0;0;2;0;0;0
"23/01/2026";"09:41:00";"53";"Sem vítima";"571,000";"BR-262/MG";"Decrescente";"Saída de pista";0;0;1;0;0;0;0;0;0;0;1;0;0;0;0
"23/01/2026";"14:48:00";"98";"Com vítima";"371,000";"BR-262/MG";"Decrescente";"Colisão traseira";1;0;0;1;0;0;0;0;0;0;0;3;0;0;0
"23/01/2026";"15:39:00";"104";"Sem vítima";"383,700";"BR-262/MG";"Decrescente";"Saída de pista";1;0;0;0;0;0;0;0;0;0;1;0;0;0;0
"23/01/2026";"17:48:00";"116";"Sem vítima";"782,000";"BR-262/MG";"Crescente";"Colisão traseira";2;0;1;0;0;0;0;0;0;0;3;0;0;0;0
"23/01/2026";"19:46:00";"124";"Sem vítima";"512,000";"BR-262/MG";"Decrescente";"Saída de pista";1;0;0;0;0;0;0;0;0;0;1;0;0;0;0
"23/01/2026";"23:57:00";"118";"Sem vítima";"380,000";"BR-262/MG";"Decrescente";"Saída de pista";1;0;0;0;0;0;0;0;0;0;1;0;0;0;0
"24/01/2026";"00:00:00";"36";"Sem vítima";"432,000";"BR-262/MG";"Decrescente";"Capotamento";1;0;0;0;0;0;0;0;0;0;1;0;0;0;0
"24/01/2026";"00:00:00";"46";"Com vítima";"434,000";"BR-262/MG";"Decrescente";"Atropelamento de ciclista";0;0;0;1;0;0;0;0;0;0;1;1;0;0;0
"24/01/2026";"00:00:00";"86";"Com vítima";"407,100";"BR-262/MG";"Crescente";"Colisão lateral no mesmo sentido";1;0;0;1;0;0;0;0;0;0;1;0;1;0;0
"24/01/2026";"02:37:00";"6";"Com vítima";"398,000";"BR-262/MG";"Crescente";"Tombamento";0;0;1;0;0;0;0;0;0;0;0;0;1;0;0
"24/01/2026";"03:31:00";"7";"Sem vítima";"397,000";"BR-262/MG";"Crescente";"Atropelamento de animal";1;0;0;0;0;0;0;0;0;0;2;0;0;0;0
"24/01/2026";"03:46:00";"8";"Sem vítima";"383,700";"BR-262/MG";"Crescente";"Capotamento";1;0;0;0;0;0;0;0;0;0;1;0;0;0;0
"24/01/2026";"04:06:00";"9";"Com vítima";"450,000";"BR-262/MG";"Decrescente";"Tombamento";1;0;1;0;0;0;0;0;0;0;1;0;1;0;0
"24/01/2026";"07:18:00";"16";"Sem vítima";"361,000";"BR-262/MG";"Crescente";"Saída de pista";1;0;0;0;0;0;0;0;0;0;1;0;0;0;0
"24/01/2026";"15:59:00";"73";"Sem vítima";"565,300";"BR-262/MG";"Crescente";"Saída de pista";1;0;0;0;0;0;0;0;0;0;1;0;0;0;0
"25/01/2026";"08:15:00";"15";"Com vítima";"376,000";"BR-262/MG";"Crescente";"Queda de moto";0;0;0;1;0;0;0;0;0;0;0;1;0;0;0
"25/01/2026";"14:23:00";"40";"Com vítima";"545,000";"BR-262/MG";"Decrescente";"Tombamento";0;0;1;0;0;0;0;0;0;0;0;1;0;0;0
"25/01/2026";"19:24:00";"60";"Com vítima";"480,000";"BR-262/MG";"Crescente";"Colisão traseira";1;0;1;0;0;0;0;0;0;0;1;1;0;0;0
"25/01/2026";"20:22:00";"69";"Sem vítima";"475,000";"BR-262/MG";"Decrescente";"Saída de pista";1;0;0;0;0;0;0;0;0;0;1;0;0;0;0
"26/01/2026";"05:47:00";"14";"Sem vítima";"392,000";"BR-262/MG";"Crescente";"Saída de pista";1;0;0;0;0;0;0;0;0;0;1;0;0;0;0
"26/01/2026";"07:00:00";"16";"Com vítima";"359,800";"BR-262/MG";"Decrescente";"Colisão traseira";0;0;0;0;1;0;0;0;0;1;3;2;0;0;0
"26/01/2026";"19:08:00";"96";"Sem vítima";"458,000";"BR-262/MG";"Decrescente";"Colisão lateral no mesmo sentido";2;0;0;0;0;0;0;0;0;0;2;0;0;0;0
"28/01/2026";"18:09:00";"91";"Sem vítima";"657,300";"BR-262/MG";"Decrescente";"Saída de pista";1;0;0;0;0;0;0;0;0;0;0;0;0;0;0
"29/01/2026";"15:40:00";"64";"Sem vítima";"362,000";"BR-262/MG";"Decrescente";"Colisão lateral no mesmo sentido";1;0;1;0;0;0;0;0;0;0;3;0;0;0;0
"29/01/2026";"20:47:00";"93";"Com vítima";"354,000";"BR-262/MG";"Decrescente";"Tombamento";1;0;0;0;0;0;0;0;0;0;0;0;1;0;0
"29/01/2026";"21:53:00";"97";"Com vítima";"354,000";"BR-262/MG";"Crescente";"Colisão traseira";0;0;2;1;0;0;0;0;0;0;2;1;0;0;0
"29/01/2026";"22:59:00";"100";"Sem vítima";"585,000";"BR-262/MG";"Decrescente";"Tombamento";0;0;1;0;0;0;0;0;0;0;1;0;0;0;0
"30/01/2026";"06:37:00";"8";"Sem vítima";"380,000";"BR-262/MG";"Crescente";"Capotamento";1;0;0;0;0;0;0;0;0;0;1;0;0;0;0
"30/01/2026";"09:53:00";"28";"Sem vítima";"400,800";"BR-262/MG";"Decrescente";"Colisão lateral no mesmo sentido";1;0;0;0;0;0;0;0;0;0;2;0;0;0;0
"30/01/2026";"11:53:00";"42";"Sem vítima";"383,767";"BR-262/MG";"Crescente";"Saída de pista";1;0;0;0;0;0;0;0;0;0;1;0;0;0;0
"31/01/2026";"05:31:00";"9";"Sem vítima";"430,300";"BR-262/MG";"Crescente";"Choque";1;0;0;0;0;0;0;0;0;0;1;0;0;0;0
"31/01/2026";"05:32:00";"10";"Com vítima";"752,500";"BR-262/MG";"Decrescente";"Saída de pista";0;0;0;0;0;0;0;0;0;1;0;1;0;0;0